[{"model": "career.question", "pk": 6, "fields": {"question_text": "Le soft skills sono molto importanti per lavorare in azienda. Il World Economic Forum indica le seguenti competenze come le prime cinque. E tu, in che ordine le possiedi maggiormente?", "page": 0}}, {"model": "career.question", "pk": 7, "fields": {"question_text": "Prima di candidarsi e scrivere il CV che cosa si dovrebbe fare per valutare le proprie competenze? Metti in ordine le seguenti azioni.", "page": 0}}, {"model": "career.question", "pk": 8, "fields": {"question_text": "Molto spesso non si conoscono davvero le figure professionali per cui ci si candida. Metti in ordine gli elementi dell\u2019annuncio da cui dipende il successo della tua candidatura.", "page": 0}}, {"model": "career.question", "pk": 9, "fields": {"question_text": "Metti in ordine le strategie per capire il tuo posizionamento e proporti al mercato del lavoro.", "page": 0}}, {"model": "career.question", "pk": 10, "fields": {"question_text": "Quali sono i canali pi\u00f9 utilizzati dalle aziende per la ricerca di stagisti e/o neolaureati? Riordina i seguenti.", "page": 0}}, {"model": "career.admindata", "pk": 1, "fields": {"total_sessions": 1, "employer_averages": "[[1.6, 2.0, 3.4, 3.4, 4.6], [1.4, 3.8, 4.2, 2.8, 2.8], [2.4, 2.6, 3.0, 2.6, 4.4], [1.8, 3.6, 3.2, 3.8, 2.6], [1.6, 3.8, 2.6, 4.2, 2.8]]", "uni_averages": "[[1.0, 2.0, 3.0, 4.0, 5.0], [1.0, 3.0, 2.0, 5.0, 4.0], [2.0, 4.0, 1.0, 5.0, 3.0], [2.0, 4.0, 5.0, 1.0, 3.0], [4.0, 1.0, 2.0, 3.0, 5.0]]"}}, {"model": "career.session", "pk": 36, "fields": {"chiusa": false, "tempo": "2018-08-24T12:04:34.417Z", "data": "2018-08-23T22:00:00Z", "tipologia": "UNI", "note": "TEST", "hash": "c8ef376ba0de43c184c3fc32ad90d5b8", "qrcode": "/media/qrcodes/c8ef376ba0de43c184c3fc32ad90d5b8.jpg"}}, {"model": "career.session", "pk": 37, "fields": {"chiusa": false, "tempo": "2018-08-24T12:05:59.026Z", "data": "2018-08-23T22:00:00Z", "tipologia": "AZI", "note": "TEST AZIENDA", "hash": "443d3a767f624520963d72453a54436e", "qrcode": "/media/qrcodes/443d3a767f624520963d72453a54436e.jpg"}}, {"model": "career.session", "pk": 38, "fields": {"chiusa": false, "tempo": "2018-08-24T12:07:20.032Z", "data": "2018-08-23T22:00:00Z", "tipologia": "AZI", "note": "TEST AZIENDA", "hash": "4693412ad1384d45ba50a1e392b07017", "qrcode": "/media/qrcodes/4693412ad1384d45ba50a1e392b07017.jpg"}}, {"model": "career.session", "pk": 39, "fields": {"chiusa": false, "tempo": "2018-08-24T12:09:42.369Z", "data": "2018-08-23T22:00:00Z", "tipologia": "AZI", "note": "TEST AZIENDA", "hash": "303380ec1cf745dfab8fd95a71d3e174", "qrcode": "/media/qrcodes/303380ec1cf745dfab8fd95a71d3e174.jpg"}}, {"model": "career.session", "pk": 40, "fields": {"chiusa": false, "tempo": "2018-08-24T12:11:14.399Z", "data": "2018-08-23T22:00:00Z", "tipologia": "AZI", "note": "TEST AZIENDA", "hash": "9b88fbd440034b0482b72ac1156de374", "qrcode": "/media/qrcodes/9b88fbd440034b0482b72ac1156de374.jpg"}}, {"model": "career.session", "pk": 41, "fields": {"chiusa": false, "tempo": "2018-08-24T12:20:48.150Z", "data": "2018-08-23T22:00:00Z", "tipologia": "AZI", "note": "TEST AZIENDA", "hash": "4798e670957644e48d057e4f73acea7c", "qrcode": "/media/qrcodes/4798e670957644e48d057e4f73acea7c.jpg"}}, {"model": "career.session", "pk": 42, "fields": {"chiusa": false, "tempo": "2018-08-24T12:22:34.293Z", "data": "2018-08-23T22:00:00Z", "tipologia": "AZI", "note": "TEST AZIENDA", "hash": "c6953b009e7d48f29868c6eb616f1b44", "qrcode": "/media/qrcodes/c6953b009e7d48f29868c6eb616f1b44.jpg"}}, {"model": "career.session", "pk": 43, "fields": {"chiusa": false, "tempo": "2018-08-24T12:28:03.994Z", "data": "2018-08-23T22:00:00Z", "tipologia": "AZI", "note": "TEST AZIENDA", "hash": "5cada69a22bc497283615268b9977bde", "qrcode": "/media/qrcodes/5cada69a22bc497283615268b9977bde.jpg"}}, {"model": "career.session", "pk": 44, "fields": {"chiusa": false, "tempo": "2018-08-24T12:28:54.612Z", "data": "2018-08-23T22:00:00Z", "tipologia": "AZI", "note": "TEST AZIENDA", "hash": "7108f8e8aa65402abdfdd5adb2b7740a", "qrcode": "/media/qrcodes/7108f8e8aa65402abdfdd5adb2b7740a.jpg"}}, {"model": "career.session", "pk": 45, "fields": {"chiusa": false, "tempo": "2018-08-24T12:35:55.174Z", "data": "2018-08-23T22:00:00Z", "tipologia": "AZI", "note": "TEST AZIENDE", "hash": "693c24dc48c64ffbaad750ec2b658da1", "qrcode": "/media/qrcodes/693c24dc48c64ffbaad750ec2b658da1.jpg"}}, {"model": "career.session", "pk": 46, "fields": {"chiusa": false, "tempo": "2018-08-27T00:30:50.952Z", "data": "2018-08-26T22:00:00Z", "tipologia": "UNI", "note": "test uni", "hash": "02ec60e0503b48aeb8c601595751c21e", "qrcode": "/media/qrcodes/02ec60e0503b48aeb8c601595751c21e.jpg"}}, {"model": "career.session", "pk": 47, "fields": {"chiusa": false, "tempo": "2018-08-27T00:31:33.316Z", "data": "2018-08-26T22:00:00Z", "tipologia": "AZI", "note": "test azienda", "hash": "da66df39b14d4d118b11cb24faaa8efb", "qrcode": "/media/qrcodes/da66df39b14d4d118b11cb24faaa8efb.jpg"}}, {"model": "career.session", "pk": 48, "fields": {"chiusa": false, "tempo": "2018-08-27T00:32:21.437Z", "data": "2018-08-26T22:00:00Z", "tipologia": "AZI", "note": "test azienda", "hash": "fc792dcc54a440c7b011ad5887a1b498", "qrcode": "/media/qrcodes/fc792dcc54a440c7b011ad5887a1b498.jpg"}}, {"model": "career.session", "pk": 49, "fields": {"chiusa": false, "tempo": "2018-08-27T00:35:06.411Z", "data": "2018-08-26T22:00:00Z", "tipologia": "UNI", "note": "test uni", "hash": "f5f8a215dc8c4af5816268deeb10b496", "qrcode": "/media/qrcodes/f5f8a215dc8c4af5816268deeb10b496.jpg"}}, {"model": "career.session", "pk": 50, "fields": {"chiusa": false, "tempo": "2018-08-27T00:36:07.899Z", "data": "2018-08-26T22:00:00Z", "tipologia": "UNI", "note": "test uni", "hash": "650ef80fba61403baebffe3a730a615e", "qrcode": "/media/qrcodes/650ef80fba61403baebffe3a730a615e.jpg"}}, {"model": "career.session", "pk": 51, "fields": {"chiusa": false, "tempo": "2018-08-27T00:47:13.426Z", "data": "2018-08-26T22:00:00Z", "tipologia": "UNI", "note": "test uni", "hash": "f968d935d34a4825939c3686d1a7b6f4", "qrcode": "/media/qrcodes/f968d935d34a4825939c3686d1a7b6f4.jpg"}}, {"model": "career.session", "pk": 52, "fields": {"chiusa": false, "tempo": "2018-08-27T00:55:27.149Z", "data": "2018-08-26T22:00:00Z", "tipologia": "UNI", "note": "test uni 4", "hash": "32160e00a46e4659b193ed53ec83336e", "qrcode": "/media/qrcodes/32160e00a46e4659b193ed53ec83336e.jpg"}}, {"model": "career.session", "pk": 53, "fields": {"chiusa": false, "tempo": "2018-08-27T00:58:55.105Z", "data": "2018-08-26T22:00:00Z", "tipologia": "UNI", "note": "test uni 4", "hash": "9ed2c1eb8fd54612a779f286d421bb4d", "qrcode": "/media/qrcodes/9ed2c1eb8fd54612a779f286d421bb4d.jpg"}}, {"model": "career.session", "pk": 54, "fields": {"chiusa": false, "tempo": "2018-08-27T01:00:45.315Z", "data": "2018-08-26T22:00:00Z", "tipologia": "AZI", "note": "tes azinend", "hash": "7729b9cb899a4fbbbc68f47aecdda344", "qrcode": "/media/qrcodes/7729b9cb899a4fbbbc68f47aecdda344.jpg"}}, {"model": "career.session", "pk": 55, "fields": {"chiusa": false, "tempo": "2018-08-27T01:01:31.105Z", "data": "2018-08-26T22:00:00Z", "tipologia": "UNI", "note": "teste uni", "hash": "8f707c6308094c07a1a7326bfa2ad63a", "qrcode": "/media/qrcodes/8f707c6308094c07a1a7326bfa2ad63a.jpg"}}, {"model": "career.session", "pk": 56, "fields": {"chiusa": true, "tempo": "2018-09-03T09:30:42.729Z", "data": "2018-09-02T22:00:00Z", "tipologia": "AZI", "note": "Assicurazioni", "hash": "349f1bcf4d3b4eaeafda469e83137db0", "qrcode": "/media/qrcodes/349f1bcf4d3b4eaeafda469e83137db0.jpg"}}, {"model": "career.session", "pk": 57, "fields": {"chiusa": false, "tempo": "2018-09-03T10:07:11.098Z", "data": "2018-09-02T22:00:00Z", "tipologia": "UNI", "note": "Test UNICAT 22", "hash": "5e1ade0fa1284fa0bcf14b57a86fb515", "qrcode": "/media/qrcodes/5e1ade0fa1284fa0bcf14b57a86fb515.jpg"}}, {"model": "career.session", "pk": 58, "fields": {"chiusa": false, "tempo": "2018-09-03T10:14:45.643Z", "data": "2018-09-02T22:00:00Z", "tipologia": "AZI", "note": "Asicurazione", "hash": "b22af18145f040a68aecf2bb989fe727", "qrcode": "/media/qrcodes/b22af18145f040a68aecf2bb989fe727.jpg"}}, {"model": "career.session", "pk": 59, "fields": {"chiusa": true, "tempo": "2018-09-03T10:19:48.962Z", "data": "2018-09-02T22:00:00Z", "tipologia": "UNI", "note": "UNI TSST 44", "hash": "362278e33a1a43b2872a520c51c10c62", "qrcode": "/media/qrcodes/362278e33a1a43b2872a520c51c10c62.jpg"}}, {"model": "career.session", "pk": 60, "fields": {"chiusa": false, "tempo": "2018-09-05T07:08:59.089Z", "data": "2018-09-04T22:00:00Z", "tipologia": "AZI", "note": "Azienda Assicurazioni", "hash": "0e279c5ebab94cf591d2433911450664", "qrcode": "/media/qrcodes/0e279c5ebab94cf591d2433911450664.jpg"}}, {"model": "career.session", "pk": 61, "fields": {"chiusa": false, "tempo": "2018-09-05T07:24:16.227Z", "data": "2018-09-04T22:00:00Z", "tipologia": "UNI", "note": "UNICATT CAREER DAY", "hash": "e271a131a6234d478ef4c5cb30eb3cd3", "qrcode": "/media/qrcodes/e271a131a6234d478ef4c5cb30eb3cd3.jpg"}}, {"model": "career.session", "pk": 62, "fields": {"chiusa": false, "tempo": "2018-09-05T08:28:37.151Z", "data": "2018-09-04T22:00:00Z", "tipologia": "UNI", "note": "TEST 884848", "hash": "45ebb3cd57c64ccfac4a896c4f0a8420", "qrcode": ""}}, {"model": "career.session", "pk": 63, "fields": {"chiusa": false, "tempo": "2018-09-05T08:30:30.620Z", "data": "2018-09-04T22:00:00Z", "tipologia": "UNI", "note": "TEST 884848", "hash": "45ebb3cd57c64ccfac4a896c4f0a8420", "qrcode": ""}}, {"model": "career.session", "pk": 64, "fields": {"chiusa": false, "tempo": "2018-09-05T08:30:44.178Z", "data": "2018-09-04T22:00:00Z", "tipologia": "AZI", "note": "Test 22", "hash": "819e72852dcc44149df0b04bfc0641fb", "qrcode": ""}}, {"model": "career.session", "pk": 65, "fields": {"chiusa": false, "tempo": "2018-09-05T08:31:21.039Z", "data": "2018-09-04T22:00:00Z", "tipologia": "AZI", "note": "Test 22", "hash": "819e72852dcc44149df0b04bfc0641fb", "qrcode": ""}}, {"model": "career.session", "pk": 66, "fields": {"chiusa": false, "tempo": "2018-09-05T08:31:58.077Z", "data": "2018-09-04T22:00:00Z", "tipologia": "AZI", "note": "Test 22", "hash": "819e72852dcc44149df0b04bfc0641fb", "qrcode": ""}}, {"model": "career.session", "pk": 67, "fields": {"chiusa": false, "tempo": "2018-09-05T08:32:56.357Z", "data": "2018-09-04T22:00:00Z", "tipologia": "AZI", "note": "Test 22", "hash": "819e72852dcc44149df0b04bfc0641fb", "qrcode": "/media/qrcodes/819e72852dcc44149df0b04bfc0641fb.jpg"}}, {"model": "career.session", "pk": 68, "fields": {"chiusa": false, "tempo": "2018-09-05T08:33:39.772Z", "data": "2018-09-04T22:00:00Z", "tipologia": "AZI", "note": "Test 22", "hash": "819e72852dcc44149df0b04bfc0641fb", "qrcode": ""}}, {"model": "career.session", "pk": 69, "fields": {"chiusa": false, "tempo": "2018-09-05T08:34:28.450Z", "data": "2018-09-04T22:00:00Z", "tipologia": "AZI", "note": "Test 22", "hash": "819e72852dcc44149df0b04bfc0641fb", "qrcode": ""}}, {"model": "career.session", "pk": 70, "fields": {"chiusa": false, "tempo": "2018-09-05T08:36:42.502Z", "data": "2018-09-04T22:00:00Z", "tipologia": "UNI", "note": "test 44", "hash": "231e29cd129d4610940503a509b360e2", "qrcode": ""}}, {"model": "career.session", "pk": 71, "fields": {"chiusa": false, "tempo": "2018-09-05T08:37:03.239Z", "data": "2018-09-04T22:00:00Z", "tipologia": "UNI", "note": "JETET", "hash": "d59599b9f13940f7b22c805ae08a7866", "qrcode": ""}}, {"model": "career.session", "pk": 72, "fields": {"chiusa": false, "tempo": "2018-09-05T08:37:30.330Z", "data": "2018-09-04T22:00:00Z", "tipologia": "UNI", "note": "test 44", "hash": "93283c1868a64a08b427960798556076", "qrcode": ""}}, {"model": "career.session", "pk": 73, "fields": {"chiusa": false, "tempo": "2018-09-05T08:38:39.045Z", "data": "2018-09-04T22:00:00Z", "tipologia": "UNI", "note": "TETETE", "hash": "07528583dba44554a9851db39e759807", "qrcode": "/media/qrcodes/07528583dba44554a9851db39e759807.jpg"}}, {"model": "career.session", "pk": 74, "fields": {"chiusa": false, "tempo": "2018-09-05T09:08:49.248Z", "data": "2018-09-04T22:00:00Z", "tipologia": "UNI", "note": "TEST UNICATT", "hash": "a1732584ae0f4fec951395a181618a7f", "qrcode": "/media/qrcodes/a1732584ae0f4fec951395a181618a7f.jpg"}}, {"model": "career.session", "pk": 75, "fields": {"chiusa": false, "tempo": "2018-09-05T14:53:18.326Z", "data": "2018-09-04T22:00:00Z", "tipologia": "UNI", "note": "Career day session 22323", "hash": "fc5cea8081f34c838c5ed1aa07089880", "qrcode": "/media/qrcodes/fc5cea8081f34c838c5ed1aa07089880.jpg"}}, {"model": "career.user", "pk": 158, "fields": {"tempo": "2018-08-24T12:39:34.881Z", "yob": "", "gender": "F", "session": ""}}, {"model": "career.user", "pk": 159, "fields": {"tempo": "2018-08-24T12:39:38.221Z", "yob": "", "gender": "F", "session": ""}}, {"model": "career.user", "pk": 160, "fields": {"tempo": "2018-08-24T12:41:04.813Z", "yob": "", "gender": "F", "session": ""}}, {"model": "career.user", "pk": 161, "fields": {"tempo": "2018-08-26T09:33:45.914Z", "yob": "", "gender": "F", "session": ""}}, {"model": "career.user", "pk": 162, "fields": {"tempo": "2018-08-26T10:18:02Z", "yob": "1990", "gender": "F", "session": "F"}}, {"model": "career.user", "pk": 163, "fields": {"tempo": "2018-08-26T10:19:40.374Z", "yob": "1998", "gender": "F", "session": "d83fc91ebd334aa1b9a21fff21852c48"}}, {"model": "career.user", "pk": 164, "fields": {"tempo": "2018-08-27T00:47:22.846Z", "yob": "1998", "gender": "F", "session": "f968d935d34a4825939c3686d1a7b6f4"}}, {"model": "career.user", "pk": 165, "fields": {"tempo": "2018-08-27T01:00:57.040Z", "yob": "1998", "gender": "F", "session": "7729b9cb899a4fbbbc68f47aecdda344"}}, {"model": "career.user", "pk": 166, "fields": {"tempo": "2018-09-03T09:32:35.507Z", "yob": "1998", "gender": "F", "session": "349f1bcf4d3b4eaeafda469e83137db0"}}, {"model": "career.user", "pk": 167, "fields": {"tempo": "2018-09-03T09:34:24.229Z", "yob": "1998", "gender": "F", "session": "349f1bcf4d3b4eaeafda469e83137db0"}}, {"model": "career.user", "pk": 168, "fields": {"tempo": "2018-09-03T09:55:43.601Z", "yob": "1998", "gender": "F", "session": "349f1bcf4d3b4eaeafda469e83137db0"}}, {"model": "career.user", "pk": 169, "fields": {"tempo": "2018-09-04T07:48:59.500Z", "yob": "1998", "gender": "F", "session": "362278e33a1a43b2872a520c51c10c62"}}, {"model": "career.user", "pk": 170, "fields": {"tempo": "2018-09-05T07:14:21.760Z", "yob": "1998", "gender": "F", "session": "0e279c5ebab94cf591d2433911450664"}}, {"model": "career.user", "pk": 171, "fields": {"tempo": "2018-09-05T14:53:34.640Z", "yob": "1998", "gender": "F", "session": "0e279c5ebab94cf591d2433911450664"}}, {"model": "career.user", "pk": 172, "fields": {"tempo": "2018-09-07T16:18:32.468Z", "yob": "1963", "gender": "F", "session": "0e279c5ebab94cf591d2433911450664"}}, {"model": "career.skill", "pk": 26, "fields": {"question_text": "Creativit\u00e0", "question": 6, "rank": 0, "session": 0}}, {"model": "career.skill", "pk": 27, "fields": {"question_text": "Capacit\u00e0 di coordinarsi con gli altri", "question": 6, "rank": 0, "session": 0}}, {"model": "career.skill", "pk": 28, "fields": {"question_text": "Gestione delle persone", "question": 6, "rank": 0, "session": 0}}, {"model": "career.skill", "pk": 29, "fields": {"question_text": "Complex problem solving", "question": 6, "rank": 0, "session": 0}}, {"model": "career.skill", "pk": 30, "fields": {"question_text": "Pensiero critico", "question": 6, "rank": 0, "session": 0}}, {"model": "career.skill", "pk": 31, "fields": {"question_text": "Scrivere un racconto su chi sei e che cosa sai fare", "question": 7, "rank": 0, "session": 0}}, {"model": "career.skill", "pk": 32, "fields": {"question_text": "Chiedere a persone di fiducia i tuoi punti di forza e le tue qualit\u00e0", "question": 7, "rank": 0, "session": 0}}, {"model": "career.skill", "pk": 33, "fields": {"question_text": "Far leggere il proprio CV a 5 persone di fiducia", "question": 7, "rank": 0, "session": 0}}, {"model": "career.skill", "pk": 34, "fields": {"question_text": "Svolgere un test di orientamento on line", "question": 7, "rank": 0, "session": 0}}, {"model": "career.skill", "pk": 35, "fields": {"question_text": "Partecipare a un colloquio di orientamento di carriera", "question": 7, "rank": 0, "session": 0}}, {"model": "career.skill", "pk": 36, "fields": {"question_text": "Job Title \u2013 Denominazione della posizione lavorativa", "question": 8, "rank": 0, "session": 0}}, {"model": "career.skill", "pk": 37, "fields": {"question_text": "Titolo di studio richiesto", "question": 8, "rank": 0, "session": 0}}, {"model": "career.skill", "pk": 38, "fields": {"question_text": "Descrizione delle attivit\u00e0 o mansioni della posizione di stage/lavoro", "question": 8, "rank": 0, "session": 0}}, {"model": "career.skill", "pk": 39, "fields": {"question_text": "Competenze Tecniche", "question": 8, "rank": 0, "session": 0}}, {"model": "career.skill", "pk": 40, "fields": {"question_text": "Soft skills e competenze trasversali richieste", "question": 8, "rank": 0, "session": 0}}, {"model": "career.skill", "pk": 41, "fields": {"question_text": "Cerchi di comprendere che cosa offre il mercato del lavoro del tuo territorio di interesse in rapporto al tuo profilo professionale", "question": 9, "rank": 0, "session": 0}}, {"model": "career.skill", "pk": 42, "fields": {"question_text": "Provi a capire quali aziende hanno i tuoi stessi valori", "question": 9, "rank": 0, "session": 0}}, {"model": "career.skill", "pk": 43, "fields": {"question_text": "Scegli i canali di reclutamento pi\u00f9 adeguati per trovare gli annunci pi\u00f9 in linea con il tuo profilo professionale", "question": 9, "rank": 0, "session": 0}}, {"model": "career.skill", "pk": 44, "fields": {"question_text": "Fai networking per creare occasioni che non passano dai canali informativi tradizionali", "question": 9, "rank": 0, "session": 0}}, {"model": "career.skill", "pk": 45, "fields": {"question_text": "Costruisci ad hoc un profilo professionale sui social mantenendo una \u201cdigital reputation\u201d curata e coerente", "question": 9, "rank": 0, "session": 0}}, {"model": "career.skill", "pk": 46, "fields": {"question_text": "Siti web specializzati nel matching domanda/offerta di lavoro", "question": 10, "rank": 0, "session": 0}}, {"model": "career.skill", "pk": 47, "fields": {"question_text": "Candidature spontanee", "question": 10, "rank": 0, "session": 0}}, {"model": "career.skill", "pk": 48, "fields": {"question_text": "Agenzie per il lavoro/societ\u00e0 di consulenza e selezione", "question": 10, "rank": 0, "session": 0}}, {"model": "career.skill", "pk": 49, "fields": {"question_text": "Rapporti con le Universit\u00e0: Uffici Placement/pubblicazione offerte lavoro stage sul portale/ Career Day", "question": 10, "rank": 0, "session": 0}}, {"model": "career.skill", "pk": 50, "fields": {"question_text": "Sito internet aziendale (sezione \u201cLavora con noi\u201d)", "question": 10, "rank": 0, "session": 0}}, {"model": "career.risposta", "pk": 33, "fields": {"tempo": "2018-08-26T09:33:55.487Z", "questionId": 1, "user": 161, "session": "d83fc91ebd334aa1b9a21fff21852c48", "item1": 1, "item2": 2, "item3": 5, "item4": 4, "item5": 3}}, {"model": "career.risposta", "pk": 34, "fields": {"tempo": "2018-08-26T09:33:59.182Z", "questionId": 2, "user": 161, "session": "d83fc91ebd334aa1b9a21fff21852c48", "item1": 5, "item2": 3, "item3": 1, "item4": 4, "item5": 2}}, {"model": "career.risposta", "pk": 35, "fields": {"tempo": "2018-08-26T09:34:04.335Z", "questionId": 3, "user": 161, "session": "d83fc91ebd334aa1b9a21fff21852c48", "item1": 4, "item2": 2, "item3": 3, "item4": 1, "item5": 5}}, {"model": "career.risposta", "pk": 36, "fields": {"tempo": "2018-08-26T09:34:12.289Z", "questionId": 4, "user": 161, "session": "d83fc91ebd334aa1b9a21fff21852c48", "item1": 1, "item2": 5, "item3": 3, "item4": 4, "item5": 2}}, {"model": "career.risposta", "pk": 37, "fields": {"tempo": "2018-08-26T10:19:58.707Z", "questionId": 0, "user": 163, "session": "d83fc91ebd334aa1b9a21fff21852c48", "item1": 4, "item2": 1, "item3": 3, "item4": 2, "item5": 5}}, {"model": "career.risposta", "pk": 38, "fields": {"tempo": "2018-08-26T10:20:01.572Z", "questionId": 1, "user": 163, "session": "d83fc91ebd334aa1b9a21fff21852c48", "item1": 1, "item2": 2, "item3": 3, "item4": 4, "item5": 5}}, {"model": "career.risposta", "pk": 39, "fields": {"tempo": "2018-08-26T10:20:04.378Z", "questionId": 2, "user": 163, "session": "d83fc91ebd334aa1b9a21fff21852c48", "item1": 1, "item2": 3, "item3": 2, "item4": 5, "item5": 4}}, {"model": "career.risposta", "pk": 40, "fields": {"tempo": "2018-08-26T10:20:07.122Z", "questionId": 3, "user": 163, "session": "d83fc91ebd334aa1b9a21fff21852c48", "item1": 1, "item2": 4, "item3": 2, "item4": 3, "item5": 5}}, {"model": "career.risposta", "pk": 41, "fields": {"tempo": "2018-08-26T10:20:10.686Z", "questionId": 4, "user": 163, "session": "d83fc91ebd334aa1b9a21fff21852c48", "item1": 1, "item2": 4, "item3": 2, "item4": 5, "item5": 3}}, {"model": "career.risposta", "pk": 42, "fields": {"tempo": "2018-08-26T10:20:33Z", "questionId": 0, "user": 161, "session": "d83fc91ebd334aa1b9a21fff21852c48", "item1": 1, "item2": 2, "item3": 3, "item4": 4, "item5": 5}}, {"model": "career.risposta", "pk": 43, "fields": {"tempo": "2018-08-27T00:47:25.661Z", "questionId": 0, "user": 164, "session": "f968d935d34a4825939c3686d1a7b6f4", "item1": 1, "item2": 2, "item3": 3, "item4": 4, "item5": 5}}, {"model": "career.risposta", "pk": 44, "fields": {"tempo": "2018-08-27T00:47:30.371Z", "questionId": 1, "user": 164, "session": "f968d935d34a4825939c3686d1a7b6f4", "item1": 1, "item2": 3, "item3": 2, "item4": 5, "item5": 4}}, {"model": "career.risposta", "pk": 45, "fields": {"tempo": "2018-08-27T00:47:35.274Z", "questionId": 2, "user": 164, "session": "f968d935d34a4825939c3686d1a7b6f4", "item1": 2, "item2": 4, "item3": 1, "item4": 5, "item5": 3}}, {"model": "career.risposta", "pk": 46, "fields": {"tempo": "2018-08-27T00:47:38.823Z", "questionId": 3, "user": 164, "session": "f968d935d34a4825939c3686d1a7b6f4", "item1": 2, "item2": 4, "item3": 5, "item4": 1, "item5": 3}}, {"model": "career.risposta", "pk": 47, "fields": {"tempo": "2018-08-27T00:47:42.357Z", "questionId": 4, "user": 164, "session": "f968d935d34a4825939c3686d1a7b6f4", "item1": 4, "item2": 1, "item3": 2, "item4": 3, "item5": 5}}, {"model": "career.risposta", "pk": 48, "fields": {"tempo": "2018-08-27T01:00:59.643Z", "questionId": 0, "user": 165, "session": "7729b9cb899a4fbbbc68f47aecdda344", "item1": 2, "item2": 4, "item3": 3, "item4": 1, "item5": 5}}, {"model": "career.risposta", "pk": 49, "fields": {"tempo": "2018-08-27T01:01:02.983Z", "questionId": 1, "user": 165, "session": "7729b9cb899a4fbbbc68f47aecdda344", "item1": 1, "item2": 4, "item3": 5, "item4": 3, "item5": 2}}, {"model": "career.risposta", "pk": 50, "fields": {"tempo": "2018-08-27T01:01:05.789Z", "questionId": 2, "user": 165, "session": "7729b9cb899a4fbbbc68f47aecdda344", "item1": 2, "item2": 4, "item3": 1, "item4": 5, "item5": 3}}, {"model": "career.risposta", "pk": 51, "fields": {"tempo": "2018-08-27T01:01:08.533Z", "questionId": 3, "user": 165, "session": "7729b9cb899a4fbbbc68f47aecdda344", "item1": 1, "item2": 4, "item3": 5, "item4": 3, "item5": 2}}, {"model": "career.risposta", "pk": 52, "fields": {"tempo": "2018-08-27T01:01:11.259Z", "questionId": 4, "user": 165, "session": "7729b9cb899a4fbbbc68f47aecdda344", "item1": 1, "item2": 4, "item3": 5, "item4": 2, "item5": 3}}, {"model": "career.risposta", "pk": 53, "fields": {"tempo": "2018-09-03T09:32:44.485Z", "questionId": 0, "user": 166, "session": "349f1bcf4d3b4eaeafda469e83137db0", "item1": 2, "item2": 1, "item3": 3, "item4": 4, "item5": 5}}, {"model": "career.risposta", "pk": 54, "fields": {"tempo": "2018-09-03T09:32:50.169Z", "questionId": 1, "user": 166, "session": "349f1bcf4d3b4eaeafda469e83137db0", "item1": 2, "item2": 5, "item3": 3, "item4": 1, "item5": 4}}, {"model": "career.risposta", "pk": 55, "fields": {"tempo": "2018-09-03T09:32:54.853Z", "questionId": 2, "user": 166, "session": "349f1bcf4d3b4eaeafda469e83137db0", "item1": 3, "item2": 2, "item3": 4, "item4": 1, "item5": 5}}, {"model": "career.risposta", "pk": 56, "fields": {"tempo": "2018-09-03T09:32:58.012Z", "questionId": 3, "user": 166, "session": "349f1bcf4d3b4eaeafda469e83137db0", "item1": 1, "item2": 5, "item3": 3, "item4": 4, "item5": 2}}, {"model": "career.risposta", "pk": 57, "fields": {"tempo": "2018-09-03T09:33:01.090Z", "questionId": 4, "user": 166, "session": "349f1bcf4d3b4eaeafda469e83137db0", "item1": 3, "item2": 4, "item3": 2, "item4": 5, "item5": 1}}, {"model": "career.risposta", "pk": 58, "fields": {"tempo": "2018-09-03T09:35:38.130Z", "questionId": 0, "user": 167, "session": "349f1bcf4d3b4eaeafda469e83137db0", "item1": 1, "item2": 2, "item3": 3, "item4": 4, "item5": 5}}, {"model": "career.risposta", "pk": 59, "fields": {"tempo": "2018-09-03T09:35:41.256Z", "questionId": 1, "user": 167, "session": "349f1bcf4d3b4eaeafda469e83137db0", "item1": 1, "item2": 5, "item3": 3, "item4": 4, "item5": 2}}, {"model": "career.risposta", "pk": 60, "fields": {"tempo": "2018-09-03T09:35:44.036Z", "questionId": 2, "user": 167, "session": "349f1bcf4d3b4eaeafda469e83137db0", "item1": 1, "item2": 5, "item3": 2, "item4": 3, "item5": 4}}, {"model": "career.risposta", "pk": 61, "fields": {"tempo": "2018-09-03T09:35:46.664Z", "questionId": 3, "user": 167, "session": "349f1bcf4d3b4eaeafda469e83137db0", "item1": 1, "item2": 4, "item3": 5, "item4": 3, "item5": 2}}, {"model": "career.risposta", "pk": 62, "fields": {"tempo": "2018-09-03T09:35:49.107Z", "questionId": 4, "user": 167, "session": "349f1bcf4d3b4eaeafda469e83137db0", "item1": 2, "item2": 5, "item3": 1, "item4": 4, "item5": 3}}, {"model": "career.risposta", "pk": 63, "fields": {"tempo": "2018-09-03T09:55:48.525Z", "questionId": 0, "user": 168, "session": "349f1bcf4d3b4eaeafda469e83137db0", "item1": 1, "item2": 2, "item3": 3, "item4": 4, "item5": 5}}, {"model": "career.risposta", "pk": 64, "fields": {"tempo": "2018-09-03T09:55:51.590Z", "questionId": 1, "user": 168, "session": "349f1bcf4d3b4eaeafda469e83137db0", "item1": 1, "item2": 4, "item3": 5, "item4": 3, "item5": 2}}, {"model": "career.risposta", "pk": 65, "fields": {"tempo": "2018-09-03T09:55:54.802Z", "questionId": 2, "user": 168, "session": "349f1bcf4d3b4eaeafda469e83137db0", "item1": 3, "item2": 1, "item3": 4, "item4": 2, "item5": 5}}, {"model": "career.risposta", "pk": 66, "fields": {"tempo": "2018-09-03T09:55:58.489Z", "questionId": 3, "user": 168, "session": "349f1bcf4d3b4eaeafda469e83137db0", "item1": 3, "item2": 4, "item3": 1, "item4": 5, "item5": 2}}, {"model": "career.risposta", "pk": 67, "fields": {"tempo": "2018-09-03T09:56:01.326Z", "questionId": 4, "user": 168, "session": "349f1bcf4d3b4eaeafda469e83137db0", "item1": 1, "item2": 4, "item3": 2, "item4": 5, "item5": 3}}, {"model": "career.risposta", "pk": 68, "fields": {"tempo": "2018-09-05T07:14:38.115Z", "questionId": 0, "user": 170, "session": "0e279c5ebab94cf591d2433911450664", "item1": 2, "item2": 1, "item3": 5, "item4": 4, "item5": 3}}, {"model": "career.risposta", "pk": 69, "fields": {"tempo": "2018-09-05T07:27:49.731Z", "questionId": 1, "user": 170, "session": "0e279c5ebab94cf591d2433911450664", "item1": 2, "item2": 1, "item3": 5, "item4": 3, "item5": 4}}, {"model": "career.risposta", "pk": 70, "fields": {"tempo": "2018-09-05T07:27:52.706Z", "questionId": 2, "user": 170, "session": "0e279c5ebab94cf591d2433911450664", "item1": 3, "item2": 1, "item3": 4, "item4": 2, "item5": 5}}, {"model": "career.risposta", "pk": 71, "fields": {"tempo": "2018-09-05T07:27:55.587Z", "questionId": 3, "user": 170, "session": "0e279c5ebab94cf591d2433911450664", "item1": 3, "item2": 1, "item3": 2, "item4": 4, "item5": 5}}, {"model": "career.risposta", "pk": 72, "fields": {"tempo": "2018-09-05T07:28:06.034Z", "questionId": 4, "user": 170, "session": "0e279c5ebab94cf591d2433911450664", "item1": 1, "item2": 2, "item3": 3, "item4": 5, "item5": 4}}, {"model": "career.risposta", "pk": 73, "fields": {"tempo": "2018-09-05T14:53:48.867Z", "questionId": 0, "user": 171, "session": "0e279c5ebab94cf591d2433911450664", "item1": 2, "item2": 4, "item3": 5, "item4": 1, "item5": 3}}, {"model": "career.risposta", "pk": 74, "fields": {"tempo": "2018-09-05T14:53:52.188Z", "questionId": 1, "user": 171, "session": "0e279c5ebab94cf591d2433911450664", "item1": 1, "item2": 4, "item3": 5, "item4": 3, "item5": 2}}, {"model": "career.risposta", "pk": 75, "fields": {"tempo": "2018-09-05T14:53:54.098Z", "questionId": 2, "user": 171, "session": "0e279c5ebab94cf591d2433911450664", "item1": 1, "item2": 4, "item3": 3, "item4": 5, "item5": 2}}, {"model": "career.risposta", "pk": 76, "fields": {"tempo": "2018-09-05T14:53:56.255Z", "questionId": 3, "user": 171, "session": "0e279c5ebab94cf591d2433911450664", "item1": 1, "item2": 4, "item3": 2, "item4": 3, "item5": 5}}, {"model": "career.risposta", "pk": 77, "fields": {"tempo": "2018-09-05T14:53:58.657Z", "questionId": 4, "user": 171, "session": "0e279c5ebab94cf591d2433911450664", "item1": 1, "item2": 4, "item3": 2, "item4": 5, "item5": 3}}, {"model": "career.risposta", "pk": 78, "fields": {"tempo": "2018-09-07T16:18:36.646Z", "questionId": 0, "user": 172, "session": "0e279c5ebab94cf591d2433911450664", "item1": 1, "item2": 2, "item3": 4, "item4": 3, "item5": 5}}, {"model": "career.risposta", "pk": 79, "fields": {"tempo": "2018-09-07T16:18:38.786Z", "questionId": 1, "user": 172, "session": "0e279c5ebab94cf591d2433911450664", "item1": 1, "item2": 4, "item3": 3, "item4": 2, "item5": 5}}, {"model": "career.risposta", "pk": 80, "fields": {"tempo": "2018-09-07T16:18:41.204Z", "questionId": 2, "user": 172, "session": "0e279c5ebab94cf591d2433911450664", "item1": 3, "item2": 4, "item3": 1, "item4": 5, "item5": 2}}, {"model": "career.risposta", "pk": 81, "fields": {"tempo": "2018-09-07T16:18:43.272Z", "questionId": 3, "user": 172, "session": "0e279c5ebab94cf591d2433911450664", "item1": 1, "item2": 4, "item3": 5, "item4": 3, "item5": 2}}, {"model": "career.risposta", "pk": 82, "fields": {"tempo": "2018-09-07T16:18:45.387Z", "questionId": 4, "user": 172, "session": "0e279c5ebab94cf591d2433911450664", "item1": 1, "item2": 2, "item3": 4, "item4": 3, "item5": 5}}, {"model": "contenttypes.contenttype", "pk": 13, "fields": {"app_label": "career", "model": "question"}}, {"model": "contenttypes.contenttype", "pk": 14, "fields": {"app_label": "career", "model": "aziende"}}, {"model": "contenttypes.contenttype", "pk": 15, "fields": {"app_label": "career", "model": "admindata"}}, {"model": "contenttypes.contenttype", "pk": 16, "fields": {"app_label": "career", "model": "session"}}, {"model": "contenttypes.contenttype", "pk": 17, "fields": {"app_label": "career", "model": "user"}}, {"model": "contenttypes.contenttype", "pk": 18, "fields": {"app_label": "career", "model": "skill"}}, {"model": "contenttypes.contenttype", "pk": 19, "fields": {"app_label": "admin", "model": "logentry"}}, {"model": "contenttypes.contenttype", "pk": 20, "fields": {"app_label": "auth", "model": "permission"}}, {"model": "contenttypes.contenttype", "pk": 21, "fields": {"app_label": "auth", "model": "group"}}, {"model": "contenttypes.contenttype", "pk": 22, "fields": {"app_label": "auth", "model": "user"}}, {"model": "contenttypes.contenttype", "pk": 23, "fields": {"app_label": "contenttypes", "model": "contenttype"}}, {"model": "contenttypes.contenttype", "pk": 24, "fields": {"app_label": "sessions", "model": "session"}}, {"model": "contenttypes.contenttype", "pk": 25, "fields": {"app_label": "career", "model": "risposta"}}, {"model": "sessions.session", "pk": "l61zlivoczk26ds0d3i0kszbixbjhwr4", "fields": {"session_data": "ODY4NjRhMTU0YzY5NTdjYjA0MDQ4YjZmNWY3YzA3MDZjYmFlMTZmNzp7Il9hdXRoX3VzZXJfaGFzaCI6IjgxYWQ5OGJiNTYyMzU5ZTZhYjVjNWQ2ZTM0NzBlZTAwNjI4MjYwMzAiLCJfYXV0aF91c2VyX2JhY2tlbmQiOiJkamFuZ28uY29udHJpYi5hdXRoLmJhY2tlbmRzLk1vZGVsQmFja2VuZCIsIl9hdXRoX3VzZXJfaWQiOiIyIn0=", "expire_date": "2018-09-19T07:13:38.403Z"}}, {"model": "sessions.session", "pk": "wbzfubvop0pgc4z4x03tb4u6jikhy6kz", "fields": {"session_data": "ZWFmOTk2YzlmY2U2ZWU3ZTUwMmU5MWVkNzRkYjQ2OGZlNjQxMzAyMDp7Il9hdXRoX3VzZXJfaGFzaCI6IjgxYWQ5OGJiNTYyMzU5ZTZhYjVjNWQ2ZTM0NzBlZTAwNjI4MjYwMzAiLCJ0ZXN0Y29va2llIjoid29ya2VkIiwiX2F1dGhfdXNlcl9pZCI6IjIiLCJfYXV0aF91c2VyX2JhY2tlbmQiOiJkamFuZ28uY29udHJpYi5hdXRoLmJhY2tlbmRzLk1vZGVsQmFja2VuZCJ9", "expire_date": "2018-09-04T15:58:42.213Z"}}, {"model": "auth.permission", "pk": 37, "fields": {"name": "Can add question", "content_type": 13, "codename": "add_question"}}, {"model": "auth.permission", "pk": 38, "fields": {"name": "Can change question", "content_type": 13, "codename": "change_question"}}, {"model": "auth.permission", "pk": 39, "fields": {"name": "Can delete question", "content_type": 13, "codename": "delete_question"}}, {"model": "auth.permission", "pk": 40, "fields": {"name": "Can add aziende", "content_type": 14, "codename": "add_aziende"}}, {"model": "auth.permission", "pk": 41, "fields": {"name": "Can change aziende", "content_type": 14, "codename": "change_aziende"}}, {"model": "auth.permission", "pk": 42, "fields": {"name": "Can delete aziende", "content_type": 14, "codename": "delete_aziende"}}, {"model": "auth.permission", "pk": 43, "fields": {"name": "Can add admindata", "content_type": 15, "codename": "add_admindata"}}, {"model": "auth.permission", "pk": 44, "fields": {"name": "Can change admindata", "content_type": 15, "codename": "change_admindata"}}, {"model": "auth.permission", "pk": 45, "fields": {"name": "Can delete admindata", "content_type": 15, "codename": "delete_admindata"}}, {"model": "auth.permission", "pk": 46, "fields": {"name": "Can add session", "content_type": 16, "codename": "add_session"}}, {"model": "auth.permission", "pk": 47, "fields": {"name": "Can change session", "content_type": 16, "codename": "change_session"}}, {"model": "auth.permission", "pk": 48, "fields": {"name": "Can delete session", "content_type": 16, "codename": "delete_session"}}, {"model": "auth.permission", "pk": 49, "fields": {"name": "Can add user", "content_type": 17, "codename": "add_user"}}, {"model": "auth.permission", "pk": 50, "fields": {"name": "Can change user", "content_type": 17, "codename": "change_user"}}, {"model": "auth.permission", "pk": 51, "fields": {"name": "Can delete user", "content_type": 17, "codename": "delete_user"}}, {"model": "auth.permission", "pk": 52, "fields": {"name": "Can add skill", "content_type": 18, "codename": "add_skill"}}, {"model": "auth.permission", "pk": 53, "fields": {"name": "Can change skill", "content_type": 18, "codename": "change_skill"}}, {"model": "auth.permission", "pk": 54, "fields": {"name": "Can delete skill", "content_type": 18, "codename": "delete_skill"}}, {"model": "auth.permission", "pk": 55, "fields": {"name": "Can add log entry", "content_type": 19, "codename": "add_logentry"}}, {"model": "auth.permission", "pk": 56, "fields": {"name": "Can change log entry", "content_type": 19, "codename": "change_logentry"}}, {"model": "auth.permission", "pk": 57, "fields": {"name": "Can delete log entry", "content_type": 19, "codename": "delete_logentry"}}, {"model": "auth.permission", "pk": 58, "fields": {"name": "Can add permission", "content_type": 20, "codename": "add_permission"}}, {"model": "auth.permission", "pk": 59, "fields": {"name": "Can change permission", "content_type": 20, "codename": "change_permission"}}, {"model": "auth.permission", "pk": 60, "fields": {"name": "Can delete permission", "content_type": 20, "codename": "delete_permission"}}, {"model": "auth.permission", "pk": 61, "fields": {"name": "Can add group", "content_type": 21, "codename": "add_group"}}, {"model": "auth.permission", "pk": 62, "fields": {"name": "Can change group", "content_type": 21, "codename": "change_group"}}, {"model": "auth.permission", "pk": 63, "fields": {"name": "Can delete group", "content_type": 21, "codename": "delete_group"}}, {"model": "auth.permission", "pk": 64, "fields": {"name": "Can add user", "content_type": 22, "codename": "add_user"}}, {"model": "auth.permission", "pk": 65, "fields": {"name": "Can change user", "content_type": 22, "codename": "change_user"}}, {"model": "auth.permission", "pk": 66, "fields": {"name": "Can delete user", "content_type": 22, "codename": "delete_user"}}, {"model": "auth.permission", "pk": 67, "fields": {"name": "Can add content type", "content_type": 23, "codename": "add_contenttype"}}, {"model": "auth.permission", "pk": 68, "fields": {"name": "Can change content type", "content_type": 23, "codename": "change_contenttype"}}, {"model": "auth.permission", "pk": 69, "fields": {"name": "Can delete content type", "content_type": 23, "codename": "delete_contenttype"}}, {"model": "auth.permission", "pk": 70, "fields": {"name": "Can add session", "content_type": 24, "codename": "add_session"}}, {"model": "auth.permission", "pk": 71, "fields": {"name": "Can change session", "content_type": 24, "codename": "change_session"}}, {"model": "auth.permission", "pk": 72, "fields": {"name": "Can delete session", "content_type": 24, "codename": "delete_session"}}, {"model": "auth.permission", "pk": 73, "fields": {"name": "Can add risposta", "content_type": 25, "codename": "add_risposta"}}, {"model": "auth.permission", "pk": 74, "fields": {"name": "Can change risposta", "content_type": 25, "codename": "change_risposta"}}, {"model": "auth.permission", "pk": 75, "fields": {"name": "Can delete risposta", "content_type": 25, "codename": "delete_risposta"}}, {"model": "auth.user", "pk": 2, "fields": {"password": "pbkdf2_sha256$36000$0ZUqxtrACGD5$WhLxICF8UFJYP4dGjz3MzcIGByhSBxjfJg7E8nBk4Sc=", "last_login": "2018-09-05T07:13:38.399Z", "is_superuser": true, "username": "admin", "first_name": "", "last_name": "", "email": "matteo.tarantino@unicatt.it", "is_staff": true, "is_active": true, "date_joined": "2018-08-15T07:25:59.358Z", "groups": [], "user_permissions": []}}, {"model": "admin.logentry", "pk": 33, "fields": {"action_time": "2018-08-15T07:36:44.590Z", "user": 2, "content_type": 13, "object_id": "6", "object_repr": "Le soft skills sono molto importanti per lavorare in azienda. Il World Economic Forum indica le seguenti competenze come le prime cinque. E tu, in che ordine le possiedi maggiormente?", "action_flag": 1, "change_message": "[{\"added\": {}}]"}}, {"model": "admin.logentry", "pk": 34, "fields": {"action_time": "2018-08-15T07:37:24.778Z", "user": 2, "content_type": 13, "object_id": "7", "object_repr": "Prima di candidarsi e scrivere il CV che cosa si dovrebbe fare per valutare le proprie competenze? Metti in ordine le seguenti azioni.", "action_flag": 1, "change_message": "[{\"added\": {}}]"}}, {"model": "admin.logentry", "pk": 35, "fields": {"action_time": "2018-08-15T07:38:55.036Z", "user": 2, "content_type": 13, "object_id": "8", "object_repr": "Molto spesso non si conoscono davvero le figure professionali per cui ci si candida. Metti in ordine gli elementi dell\u2019annuncio da cui dipende il successo della tua candidatura.", "action_flag": 1, "change_message": "[{\"added\": {}}]"}}, {"model": "admin.logentry", "pk": 36, "fields": {"action_time": "2018-08-15T07:40:13.344Z", "user": 2, "content_type": 13, "object_id": "9", "object_repr": "Metti in ordine le strategie per capire il tuo posizionamento e proporti al mercato del lavoro.", "action_flag": 1, "change_message": "[{\"added\": {}}]"}}, {"model": "admin.logentry", "pk": 37, "fields": {"action_time": "2018-08-15T07:41:23.053Z", "user": 2, "content_type": 13, "object_id": "10", "object_repr": "Quali sono i canali pi\u00f9 utilizzati dalle aziende per la ricerca di stagisti e/o neolaureati? Riordina i seguenti.", "action_flag": 1, "change_message": "[{\"added\": {}}]"}}, {"model": "admin.logentry", "pk": 38, "fields": {"action_time": "2018-08-15T07:47:25.022Z", "user": 2, "content_type": 18, "object_id": "26", "object_repr": "Creativit\u00e0", "action_flag": 1, "change_message": "[{\"added\": {}}]"}}, {"model": "admin.logentry", "pk": 39, "fields": {"action_time": "2018-08-15T07:47:46.078Z", "user": 2, "content_type": 18, "object_id": "27", "object_repr": "Capacit\u00e0 di coordinarsi con gli altri", "action_flag": 1, "change_message": "[{\"added\": {}}]"}}, {"model": "admin.logentry", "pk": 40, "fields": {"action_time": "2018-08-15T07:48:02.075Z", "user": 2, "content_type": 18, "object_id": "28", "object_repr": "Gestione delle persone", "action_flag": 1, "change_message": "[{\"added\": {}}]"}}, {"model": "admin.logentry", "pk": 41, "fields": {"action_time": "2018-08-15T07:48:21.195Z", "user": 2, "content_type": 18, "object_id": "29", "object_repr": "Complex problem solving", "action_flag": 1, "change_message": "[{\"added\": {}}]"}}, {"model": "admin.logentry", "pk": 42, "fields": {"action_time": "2018-08-15T07:48:34.426Z", "user": 2, "content_type": 18, "object_id": "30", "object_repr": "Pensiero critico", "action_flag": 1, "change_message": "[{\"added\": {}}]"}}, {"model": "admin.logentry", "pk": 43, "fields": {"action_time": "2018-08-15T07:48:48.827Z", "user": 2, "content_type": 18, "object_id": "31", "object_repr": "Scrivere un racconto su chi sei e che cosa sai fare", "action_flag": 1, "change_message": "[{\"added\": {}}]"}}, {"model": "admin.logentry", "pk": 44, "fields": {"action_time": "2018-08-15T07:49:38.264Z", "user": 2, "content_type": 18, "object_id": "32", "object_repr": "Chiedere a persone di fiducia i tuoi punti di forza e le tue qualit\u00e0", "action_flag": 1, "change_message": "[{\"added\": {}}]"}}, {"model": "admin.logentry", "pk": 45, "fields": {"action_time": "2018-08-15T07:49:47.952Z", "user": 2, "content_type": 18, "object_id": "33", "object_repr": "Far leggere il proprio CV a 5 persone di fiducia", "action_flag": 1, "change_message": "[{\"added\": {}}]"}}, {"model": "admin.logentry", "pk": 46, "fields": {"action_time": "2018-08-15T07:49:57.447Z", "user": 2, "content_type": 18, "object_id": "34", "object_repr": "Svolgere un test di orientamento on line", "action_flag": 1, "change_message": "[{\"added\": {}}]"}}, {"model": "admin.logentry", "pk": 47, "fields": {"action_time": "2018-08-15T07:50:09.091Z", "user": 2, "content_type": 18, "object_id": "35", "object_repr": "Partecipare a un colloquio di orientamento di carriera", "action_flag": 1, "change_message": "[{\"added\": {}}]"}}, {"model": "admin.logentry", "pk": 48, "fields": {"action_time": "2018-08-15T07:51:23.842Z", "user": 2, "content_type": 18, "object_id": "36", "object_repr": "Job Title \u2013 Denominazione della posizione lavorativa", "action_flag": 1, "change_message": "[{\"added\": {}}]"}}, {"model": "admin.logentry", "pk": 49, "fields": {"action_time": "2018-08-15T07:51:46.570Z", "user": 2, "content_type": 18, "object_id": "37", "object_repr": "Titolo di studio richiesto", "action_flag": 1, "change_message": "[{\"added\": {}}]"}}, {"model": "admin.logentry", "pk": 50, "fields": {"action_time": "2018-08-15T07:51:59.105Z", "user": 2, "content_type": 18, "object_id": "38", "object_repr": "Descrizione delle attivit\u00e0/mansioni della posizione di stage/lavoro", "action_flag": 1, "change_message": "[{\"added\": {}}]"}}, {"model": "admin.logentry", "pk": 51, "fields": {"action_time": "2018-08-15T07:52:13.227Z", "user": 2, "content_type": 18, "object_id": "39", "object_repr": "Competenze Tecniche", "action_flag": 1, "change_message": "[{\"added\": {}}]"}}, {"model": "admin.logentry", "pk": 52, "fields": {"action_time": "2018-08-15T07:52:25.839Z", "user": 2, "content_type": 18, "object_id": "40", "object_repr": "Competenze trasversali/soft skills richieste", "action_flag": 1, "change_message": "[{\"added\": {}}]"}}, {"model": "admin.logentry", "pk": 53, "fields": {"action_time": "2018-08-15T07:52:38.273Z", "user": 2, "content_type": 18, "object_id": "41", "object_repr": "Cerchi di comprendere che cosa offre il mercato del lavoro del tuo territorio di interesse in rapporto al tuo profilo professionale", "action_flag": 1, "change_message": "[{\"added\": {}}]"}}, {"model": "admin.logentry", "pk": 54, "fields": {"action_time": "2018-08-15T07:52:47.922Z", "user": 2, "content_type": 18, "object_id": "42", "object_repr": "Provi a capire quali aziende hanno i tuoi stessi valori", "action_flag": 1, "change_message": "[{\"added\": {}}]"}}, {"model": "admin.logentry", "pk": 55, "fields": {"action_time": "2018-08-15T07:53:00.757Z", "user": 2, "content_type": 18, "object_id": "43", "object_repr": "Scegli i canali di reclutamento pi\u00f9 adeguati per trovare gli annunci pi\u00f9 in linea con il tuo profilo professionale", "action_flag": 1, "change_message": "[{\"added\": {}}]"}}, {"model": "admin.logentry", "pk": 56, "fields": {"action_time": "2018-08-15T07:53:11.264Z", "user": 2, "content_type": 18, "object_id": "44", "object_repr": "Fai networking per creare occasioni che non passano dai canali informativi tradizionali", "action_flag": 1, "change_message": "[{\"added\": {}}]"}}, {"model": "admin.logentry", "pk": 57, "fields": {"action_time": "2018-08-15T07:53:23.324Z", "user": 2, "content_type": 18, "object_id": "45", "object_repr": "Costruisci ad hoc un profilo professionale sui social mantenendo una \u201cdigital reputation\u201d curata e coerente", "action_flag": 1, "change_message": "[{\"added\": {}}]"}}, {"model": "admin.logentry", "pk": 58, "fields": {"action_time": "2018-08-15T07:53:37.194Z", "user": 2, "content_type": 18, "object_id": "46", "object_repr": "Siti web specializzati nel matching domanda/offerta di lavoro", "action_flag": 1, "change_message": "[{\"added\": {}}]"}}, {"model": "admin.logentry", "pk": 59, "fields": {"action_time": "2018-08-15T07:53:48.019Z", "user": 2, "content_type": 18, "object_id": "47", "object_repr": "Candidature spontanee", "action_flag": 1, "change_message": "[{\"added\": {}}]"}}, {"model": "admin.logentry", "pk": 60, "fields": {"action_time": "2018-08-15T07:53:57.853Z", "user": 2, "content_type": 18, "object_id": "48", "object_repr": "Agenzie per il lavoro/societ\u00e0 di consulenza e selezione", "action_flag": 1, "change_message": "[{\"added\": {}}]"}}, {"model": "admin.logentry", "pk": 61, "fields": {"action_time": "2018-08-15T07:54:06.357Z", "user": 2, "content_type": 18, "object_id": "49", "object_repr": "Rapporti con le Universit\u00e0: Uffici Placement/pubblicazione offerte lavoro stage sul portale/ Career Day", "action_flag": 1, "change_message": "[{\"added\": {}}]"}}, {"model": "admin.logentry", "pk": 62, "fields": {"action_time": "2018-08-15T07:54:16.062Z", "user": 2, "content_type": 18, "object_id": "50", "object_repr": "Sito internet aziendale (sezione \u201cLavora con noi\u201d)", "action_flag": 1, "change_message": "[{\"added\": {}}]"}}, {"model": "admin.logentry", "pk": 63, "fields": {"action_time": "2018-08-15T08:41:50.384Z", "user": 2, "content_type": 16, "object_id": "3", "object_repr": "Session object", "action_flag": 3, "change_message": ""}}, {"model": "admin.logentry", "pk": 64, "fields": {"action_time": "2018-08-15T08:41:50.414Z", "user": 2, "content_type": 16, "object_id": "2", "object_repr": "Session object", "action_flag": 3, "change_message": ""}}, {"model": "admin.logentry", "pk": 65, "fields": {"action_time": "2018-08-15T08:41:50.418Z", "user": 2, "content_type": 16, "object_id": "1", "object_repr": "Session object", "action_flag": 3, "change_message": ""}}, {"model": "admin.logentry", "pk": 66, "fields": {"action_time": "2018-08-21T12:25:56.905Z", "user": 2, "content_type": 16, "object_id": "19", "object_repr": "Session object", "action_flag": 3, "change_message": ""}}, {"model": "admin.logentry", "pk": 67, "fields": {"action_time": "2018-08-21T12:25:56.920Z", "user": 2, "content_type": 16, "object_id": "18", "object_repr": "Session object", "action_flag": 3, "change_message": ""}}, {"model": "admin.logentry", "pk": 68, "fields": {"action_time": "2018-08-21T12:25:56.925Z", "user": 2, "content_type": 16, "object_id": "17", "object_repr": "Session object", "action_flag": 3, "change_message": ""}}, {"model": "admin.logentry", "pk": 69, "fields": {"action_time": "2018-08-21T12:25:56.930Z", "user": 2, "content_type": 16, "object_id": "16", "object_repr": "Session object", "action_flag": 3, "change_message": ""}}, {"model": "admin.logentry", "pk": 70, "fields": {"action_time": "2018-08-21T12:25:56.933Z", "user": 2, "content_type": 16, "object_id": "15", "object_repr": "Session object", "action_flag": 3, "change_message": ""}}, {"model": "admin.logentry", "pk": 71, "fields": {"action_time": "2018-08-21T12:25:56.936Z", "user": 2, "content_type": 16, "object_id": "14", "object_repr": "Session object", "action_flag": 3, "change_message": ""}}, {"model": "admin.logentry", "pk": 72, "fields": {"action_time": "2018-08-21T12:25:56.941Z", "user": 2, "content_type": 16, "object_id": "13", "object_repr": "Session object", "action_flag": 3, "change_message": ""}}, {"model": "admin.logentry", "pk": 73, "fields": {"action_time": "2018-08-21T12:25:56.945Z", "user": 2, "content_type": 16, "object_id": "12", "object_repr": "Session object", "action_flag": 3, "change_message": ""}}, {"model": "admin.logentry", "pk": 74, "fields": {"action_time": "2018-08-21T12:25:56.948Z", "user": 2, "content_type": 16, "object_id": "11", "object_repr": "Session object", "action_flag": 3, "change_message": ""}}, {"model": "admin.logentry", "pk": 75, "fields": {"action_time": "2018-08-21T12:25:56.951Z", "user": 2, "content_type": 16, "object_id": "10", "object_repr": "Session object", "action_flag": 3, "change_message": ""}}, {"model": "admin.logentry", "pk": 76, "fields": {"action_time": "2018-08-21T12:25:56.954Z", "user": 2, "content_type": 16, "object_id": "9", "object_repr": "Session object", "action_flag": 3, "change_message": ""}}, {"model": "admin.logentry", "pk": 77, "fields": {"action_time": "2018-08-21T12:25:56.958Z", "user": 2, "content_type": 16, "object_id": "8", "object_repr": "Session object", "action_flag": 3, "change_message": ""}}, {"model": "admin.logentry", "pk": 78, "fields": {"action_time": "2018-08-21T12:25:56.961Z", "user": 2, "content_type": 16, "object_id": "7", "object_repr": "Session object", "action_flag": 3, "change_message": ""}}, {"model": "admin.logentry", "pk": 79, "fields": {"action_time": "2018-08-21T12:25:56.964Z", "user": 2, "content_type": 16, "object_id": "6", "object_repr": "Session object", "action_flag": 3, "change_message": ""}}, {"model": "admin.logentry", "pk": 80, "fields": {"action_time": "2018-08-21T12:25:56.967Z", "user": 2, "content_type": 16, "object_id": "5", "object_repr": "Session object", "action_flag": 3, "change_message": ""}}, {"model": "admin.logentry", "pk": 81, "fields": {"action_time": "2018-08-21T12:25:56.970Z", "user": 2, "content_type": 16, "object_id": "4", "object_repr": "Session object", "action_flag": 3, "change_message": ""}}, {"model": "admin.logentry", "pk": 82, "fields": {"action_time": "2018-08-21T12:25:56.974Z", "user": 2, "content_type": 16, "object_id": "3", "object_repr": "Session object", "action_flag": 3, "change_message": ""}}, {"model": "admin.logentry", "pk": 83, "fields": {"action_time": "2018-08-21T12:25:56.977Z", "user": 2, "content_type": 16, "object_id": "2", "object_repr": "Session object", "action_flag": 3, "change_message": ""}}, {"model": "admin.logentry", "pk": 84, "fields": {"action_time": "2018-08-21T12:25:56.979Z", "user": 2, "content_type": 16, "object_id": "1", "object_repr": "Session object", "action_flag": 3, "change_message": ""}}, {"model": "admin.logentry", "pk": 85, "fields": {"action_time": "2018-08-21T17:20:20.990Z", "user": 2, "content_type": 17, "object_id": "43", "object_repr": "User object", "action_flag": 3, "change_message": ""}}, {"model": "admin.logentry", "pk": 86, "fields": {"action_time": "2018-08-21T17:20:20.996Z", "user": 2, "content_type": 17, "object_id": "42", "object_repr": "User object", "action_flag": 3, "change_message": ""}}, {"model": "admin.logentry", "pk": 87, "fields": {"action_time": "2018-08-21T17:20:21.000Z", "user": 2, "content_type": 17, "object_id": "41", "object_repr": "User object", "action_flag": 3, "change_message": ""}}, {"model": "admin.logentry", "pk": 88, "fields": {"action_time": "2018-08-21T17:20:21.005Z", "user": 2, "content_type": 17, "object_id": "40", "object_repr": "User object", "action_flag": 3, "change_message": ""}}, {"model": "admin.logentry", "pk": 89, "fields": {"action_time": "2018-08-21T17:20:21.008Z", "user": 2, "content_type": 17, "object_id": "39", "object_repr": "User object", "action_flag": 3, "change_message": ""}}, {"model": "admin.logentry", "pk": 90, "fields": {"action_time": "2018-08-21T17:20:21.012Z", "user": 2, "content_type": 17, "object_id": "38", "object_repr": "User object", "action_flag": 3, "change_message": ""}}, {"model": "admin.logentry", "pk": 91, "fields": {"action_time": "2018-08-21T17:20:21.017Z", "user": 2, "content_type": 17, "object_id": "37", "object_repr": "User object", "action_flag": 3, "change_message": ""}}, {"model": "admin.logentry", "pk": 92, "fields": {"action_time": "2018-08-21T17:20:21.022Z", "user": 2, "content_type": 17, "object_id": "36", "object_repr": "User object", "action_flag": 3, "change_message": ""}}, {"model": "admin.logentry", "pk": 93, "fields": {"action_time": "2018-08-21T17:20:21.026Z", "user": 2, "content_type": 17, "object_id": "35", "object_repr": "User object", "action_flag": 3, "change_message": ""}}, {"model": "admin.logentry", "pk": 94, "fields": {"action_time": "2018-08-21T17:20:21.031Z", "user": 2, "content_type": 17, "object_id": "34", "object_repr": "User object", "action_flag": 3, "change_message": ""}}, {"model": "admin.logentry", "pk": 95, "fields": {"action_time": "2018-08-21T17:20:21.040Z", "user": 2, "content_type": 17, "object_id": "33", "object_repr": "User object", "action_flag": 3, "change_message": ""}}, {"model": "admin.logentry", "pk": 96, "fields": {"action_time": "2018-08-21T17:20:21.043Z", "user": 2, "content_type": 17, "object_id": "32", "object_repr": "User object", "action_flag": 3, "change_message": ""}}, {"model": "admin.logentry", "pk": 97, "fields": {"action_time": "2018-08-21T17:20:21.047Z", "user": 2, "content_type": 17, "object_id": "31", "object_repr": "User object", "action_flag": 3, "change_message": ""}}, {"model": "admin.logentry", "pk": 98, "fields": {"action_time": "2018-08-21T17:20:21.051Z", "user": 2, "content_type": 17, "object_id": "30", "object_repr": "User object", "action_flag": 3, "change_message": ""}}, {"model": "admin.logentry", "pk": 99, "fields": {"action_time": "2018-08-21T17:20:21.054Z", "user": 2, "content_type": 17, "object_id": "29", "object_repr": "User object", "action_flag": 3, "change_message": ""}}, {"model": "admin.logentry", "pk": 100, "fields": {"action_time": "2018-08-21T17:20:21.058Z", "user": 2, "content_type": 17, "object_id": "28", "object_repr": "User object", "action_flag": 3, "change_message": ""}}, {"model": "admin.logentry", "pk": 101, "fields": {"action_time": "2018-08-21T17:20:21.061Z", "user": 2, "content_type": 17, "object_id": "27", "object_repr": "User object", "action_flag": 3, "change_message": ""}}, {"model": "admin.logentry", "pk": 102, "fields": {"action_time": "2018-08-21T17:20:21.067Z", "user": 2, "content_type": 17, "object_id": "26", "object_repr": "User object", "action_flag": 3, "change_message": ""}}, {"model": "admin.logentry", "pk": 103, "fields": {"action_time": "2018-08-21T17:20:21.070Z", "user": 2, "content_type": 17, "object_id": "25", "object_repr": "User object", "action_flag": 3, "change_message": ""}}, {"model": "admin.logentry", "pk": 104, "fields": {"action_time": "2018-08-21T17:20:21.074Z", "user": 2, "content_type": 17, "object_id": "24", "object_repr": "User object", "action_flag": 3, "change_message": ""}}, {"model": "admin.logentry", "pk": 105, "fields": {"action_time": "2018-08-21T17:20:21.078Z", "user": 2, "content_type": 17, "object_id": "23", "object_repr": "User object", "action_flag": 3, "change_message": ""}}, {"model": "admin.logentry", "pk": 106, "fields": {"action_time": "2018-08-21T17:20:21.081Z", "user": 2, "content_type": 17, "object_id": "22", "object_repr": "User object", "action_flag": 3, "change_message": ""}}, {"model": "admin.logentry", "pk": 107, "fields": {"action_time": "2018-08-21T17:20:21.085Z", "user": 2, "content_type": 17, "object_id": "21", "object_repr": "User object", "action_flag": 3, "change_message": ""}}, {"model": "admin.logentry", "pk": 108, "fields": {"action_time": "2018-08-21T17:20:21.088Z", "user": 2, "content_type": 17, "object_id": "20", "object_repr": "User object", "action_flag": 3, "change_message": ""}}, {"model": "admin.logentry", "pk": 109, "fields": {"action_time": "2018-08-21T17:20:21.092Z", "user": 2, "content_type": 17, "object_id": "19", "object_repr": "User object", "action_flag": 3, "change_message": ""}}, {"model": "admin.logentry", "pk": 110, "fields": {"action_time": "2018-08-21T17:20:21.096Z", "user": 2, "content_type": 17, "object_id": "18", "object_repr": "User object", "action_flag": 3, "change_message": ""}}, {"model": "admin.logentry", "pk": 111, "fields": {"action_time": "2018-08-21T17:20:21.100Z", "user": 2, "content_type": 17, "object_id": "17", "object_repr": "User object", "action_flag": 3, "change_message": ""}}, {"model": "admin.logentry", "pk": 112, "fields": {"action_time": "2018-08-21T17:20:21.103Z", "user": 2, "content_type": 17, "object_id": "16", "object_repr": "User object", "action_flag": 3, "change_message": ""}}, {"model": "admin.logentry", "pk": 113, "fields": {"action_time": "2018-08-21T17:20:21.108Z", "user": 2, "content_type": 17, "object_id": "15", "object_repr": "User object", "action_flag": 3, "change_message": ""}}, {"model": "admin.logentry", "pk": 114, "fields": {"action_time": "2018-08-21T17:20:21.124Z", "user": 2, "content_type": 17, "object_id": "14", "object_repr": "User object", "action_flag": 3, "change_message": ""}}, {"model": "admin.logentry", "pk": 115, "fields": {"action_time": "2018-08-21T17:20:21.128Z", "user": 2, "content_type": 17, "object_id": "13", "object_repr": "User object", "action_flag": 3, "change_message": ""}}, {"model": "admin.logentry", "pk": 116, "fields": {"action_time": "2018-08-21T17:20:21.133Z", "user": 2, "content_type": 17, "object_id": "12", "object_repr": "User object", "action_flag": 3, "change_message": ""}}, {"model": "admin.logentry", "pk": 117, "fields": {"action_time": "2018-08-21T17:20:21.137Z", "user": 2, "content_type": 17, "object_id": "11", "object_repr": "User object", "action_flag": 3, "change_message": ""}}, {"model": "admin.logentry", "pk": 118, "fields": {"action_time": "2018-08-21T17:20:21.140Z", "user": 2, "content_type": 17, "object_id": "10", "object_repr": "User object", "action_flag": 3, "change_message": ""}}, {"model": "admin.logentry", "pk": 119, "fields": {"action_time": "2018-08-21T17:20:21.144Z", "user": 2, "content_type": 17, "object_id": "9", "object_repr": "User object", "action_flag": 3, "change_message": ""}}, {"model": "admin.logentry", "pk": 120, "fields": {"action_time": "2018-08-21T17:20:21.148Z", "user": 2, "content_type": 17, "object_id": "8", "object_repr": "User object", "action_flag": 3, "change_message": ""}}, {"model": "admin.logentry", "pk": 121, "fields": {"action_time": "2018-08-21T17:20:21.152Z", "user": 2, "content_type": 17, "object_id": "7", "object_repr": "User object", "action_flag": 3, "change_message": ""}}, {"model": "admin.logentry", "pk": 122, "fields": {"action_time": "2018-08-21T17:20:21.155Z", "user": 2, "content_type": 17, "object_id": "6", "object_repr": "User object", "action_flag": 3, "change_message": ""}}, {"model": "admin.logentry", "pk": 123, "fields": {"action_time": "2018-08-21T17:20:21.159Z", "user": 2, "content_type": 17, "object_id": "5", "object_repr": "User object", "action_flag": 3, "change_message": ""}}, {"model": "admin.logentry", "pk": 124, "fields": {"action_time": "2018-08-21T17:20:21.162Z", "user": 2, "content_type": 17, "object_id": "4", "object_repr": "User object", "action_flag": 3, "change_message": ""}}, {"model": "admin.logentry", "pk": 125, "fields": {"action_time": "2018-08-21T17:20:21.166Z", "user": 2, "content_type": 17, "object_id": "3", "object_repr": "User object", "action_flag": 3, "change_message": ""}}, {"model": "admin.logentry", "pk": 126, "fields": {"action_time": "2018-08-21T17:20:21.170Z", "user": 2, "content_type": 17, "object_id": "2", "object_repr": "User object", "action_flag": 3, "change_message": ""}}, {"model": "admin.logentry", "pk": 127, "fields": {"action_time": "2018-08-21T17:20:21.173Z", "user": 2, "content_type": 17, "object_id": "1", "object_repr": "User object", "action_flag": 3, "change_message": ""}}, {"model": "admin.logentry", "pk": 128, "fields": {"action_time": "2018-08-22T11:38:19.617Z", "user": 2, "content_type": 17, "object_id": "49", "object_repr": "User object", "action_flag": 3, "change_message": ""}}, {"model": "admin.logentry", "pk": 129, "fields": {"action_time": "2018-08-22T11:38:19.627Z", "user": 2, "content_type": 17, "object_id": "48", "object_repr": "User object", "action_flag": 3, "change_message": ""}}, {"model": "admin.logentry", "pk": 130, "fields": {"action_time": "2018-08-22T11:38:19.629Z", "user": 2, "content_type": 17, "object_id": "47", "object_repr": "User object", "action_flag": 3, "change_message": ""}}, {"model": "admin.logentry", "pk": 131, "fields": {"action_time": "2018-08-22T11:38:19.632Z", "user": 2, "content_type": 17, "object_id": "46", "object_repr": "User object", "action_flag": 3, "change_message": ""}}, {"model": "admin.logentry", "pk": 132, "fields": {"action_time": "2018-08-22T11:38:19.634Z", "user": 2, "content_type": 17, "object_id": "45", "object_repr": "User object", "action_flag": 3, "change_message": ""}}, {"model": "admin.logentry", "pk": 133, "fields": {"action_time": "2018-08-22T11:38:19.638Z", "user": 2, "content_type": 17, "object_id": "44", "object_repr": "User object", "action_flag": 3, "change_message": ""}}, {"model": "admin.logentry", "pk": 134, "fields": {"action_time": "2018-08-22T11:38:52.379Z", "user": 2, "content_type": 25, "object_id": "5", "object_repr": "Risposta object", "action_flag": 3, "change_message": ""}}, {"model": "admin.logentry", "pk": 135, "fields": {"action_time": "2018-08-22T11:38:52.385Z", "user": 2, "content_type": 25, "object_id": "4", "object_repr": "Risposta object", "action_flag": 3, "change_message": ""}}, {"model": "admin.logentry", "pk": 136, "fields": {"action_time": "2018-08-22T11:38:52.389Z", "user": 2, "content_type": 25, "object_id": "3", "object_repr": "Risposta object", "action_flag": 3, "change_message": ""}}, {"model": "admin.logentry", "pk": 137, "fields": {"action_time": "2018-08-22T11:38:52.394Z", "user": 2, "content_type": 25, "object_id": "2", "object_repr": "Risposta object", "action_flag": 3, "change_message": ""}}, {"model": "admin.logentry", "pk": 138, "fields": {"action_time": "2018-08-22T11:38:52.399Z", "user": 2, "content_type": 25, "object_id": "1", "object_repr": "Risposta object", "action_flag": 3, "change_message": ""}}, {"model": "admin.logentry", "pk": 139, "fields": {"action_time": "2018-08-24T07:45:53.995Z", "user": 2, "content_type": 17, "object_id": "157", "object_repr": "User object", "action_flag": 3, "change_message": ""}}, {"model": "admin.logentry", "pk": 140, "fields": {"action_time": "2018-08-24T07:45:54.003Z", "user": 2, "content_type": 17, "object_id": "156", "object_repr": "User object", "action_flag": 3, "change_message": ""}}, {"model": "admin.logentry", "pk": 141, "fields": {"action_time": "2018-08-24T07:45:54.007Z", "user": 2, "content_type": 17, "object_id": "155", "object_repr": "User object", "action_flag": 3, "change_message": ""}}, {"model": "admin.logentry", "pk": 142, "fields": {"action_time": "2018-08-24T07:45:54.011Z", "user": 2, "content_type": 17, "object_id": "154", "object_repr": "User object", "action_flag": 3, "change_message": ""}}, {"model": "admin.logentry", "pk": 143, "fields": {"action_time": "2018-08-24T07:45:54.013Z", "user": 2, "content_type": 17, "object_id": "153", "object_repr": "User object", "action_flag": 3, "change_message": ""}}, {"model": "admin.logentry", "pk": 144, "fields": {"action_time": "2018-08-24T07:45:54.015Z", "user": 2, "content_type": 17, "object_id": "152", "object_repr": "User object", "action_flag": 3, "change_message": ""}}, {"model": "admin.logentry", "pk": 145, "fields": {"action_time": "2018-08-24T07:45:54.018Z", "user": 2, "content_type": 17, "object_id": "151", "object_repr": "User object", "action_flag": 3, "change_message": ""}}, {"model": "admin.logentry", "pk": 146, "fields": {"action_time": "2018-08-24T07:45:54.021Z", "user": 2, "content_type": 17, "object_id": "150", "object_repr": "User object", "action_flag": 3, "change_message": ""}}, {"model": "admin.logentry", "pk": 147, "fields": {"action_time": "2018-08-24T07:45:54.024Z", "user": 2, "content_type": 17, "object_id": "149", "object_repr": "User object", "action_flag": 3, "change_message": ""}}, {"model": "admin.logentry", "pk": 148, "fields": {"action_time": "2018-08-24T07:45:54.028Z", "user": 2, "content_type": 17, "object_id": "148", "object_repr": "User object", "action_flag": 3, "change_message": ""}}, {"model": "admin.logentry", "pk": 149, "fields": {"action_time": "2018-08-24T07:45:54.031Z", "user": 2, "content_type": 17, "object_id": "147", "object_repr": "User object", "action_flag": 3, "change_message": ""}}, {"model": "admin.logentry", "pk": 150, "fields": {"action_time": "2018-08-24T07:45:54.034Z", "user": 2, "content_type": 17, "object_id": "146", "object_repr": "User object", "action_flag": 3, "change_message": ""}}, {"model": "admin.logentry", "pk": 151, "fields": {"action_time": "2018-08-24T07:45:54.037Z", "user": 2, "content_type": 17, "object_id": "145", "object_repr": "User object", "action_flag": 3, "change_message": ""}}, {"model": "admin.logentry", "pk": 152, "fields": {"action_time": "2018-08-24T07:45:54.039Z", "user": 2, "content_type": 17, "object_id": "144", "object_repr": "User object", "action_flag": 3, "change_message": ""}}, {"model": "admin.logentry", "pk": 153, "fields": {"action_time": "2018-08-24T07:45:54.042Z", "user": 2, "content_type": 17, "object_id": "143", "object_repr": "User object", "action_flag": 3, "change_message": ""}}, {"model": "admin.logentry", "pk": 154, "fields": {"action_time": "2018-08-24T07:45:54.045Z", "user": 2, "content_type": 17, "object_id": "142", "object_repr": "User object", "action_flag": 3, "change_message": ""}}, {"model": "admin.logentry", "pk": 155, "fields": {"action_time": "2018-08-24T07:45:54.048Z", "user": 2, "content_type": 17, "object_id": "141", "object_repr": "User object", "action_flag": 3, "change_message": ""}}, {"model": "admin.logentry", "pk": 156, "fields": {"action_time": "2018-08-24T07:45:54.051Z", "user": 2, "content_type": 17, "object_id": "140", "object_repr": "User object", "action_flag": 3, "change_message": ""}}, {"model": "admin.logentry", "pk": 157, "fields": {"action_time": "2018-08-24T07:45:54.054Z", "user": 2, "content_type": 17, "object_id": "139", "object_repr": "User object", "action_flag": 3, "change_message": ""}}, {"model": "admin.logentry", "pk": 158, "fields": {"action_time": "2018-08-24T07:45:54.056Z", "user": 2, "content_type": 17, "object_id": "138", "object_repr": "User object", "action_flag": 3, "change_message": ""}}, {"model": "admin.logentry", "pk": 159, "fields": {"action_time": "2018-08-24T07:45:54.060Z", "user": 2, "content_type": 17, "object_id": "137", "object_repr": "User object", "action_flag": 3, "change_message": ""}}, {"model": "admin.logentry", "pk": 160, "fields": {"action_time": "2018-08-24T07:45:54.063Z", "user": 2, "content_type": 17, "object_id": "136", "object_repr": "User object", "action_flag": 3, "change_message": ""}}, {"model": "admin.logentry", "pk": 161, "fields": {"action_time": "2018-08-24T07:45:54.066Z", "user": 2, "content_type": 17, "object_id": "135", "object_repr": "User object", "action_flag": 3, "change_message": ""}}, {"model": "admin.logentry", "pk": 162, "fields": {"action_time": "2018-08-24T07:45:54.068Z", "user": 2, "content_type": 17, "object_id": "134", "object_repr": "User object", "action_flag": 3, "change_message": ""}}, {"model": "admin.logentry", "pk": 163, "fields": {"action_time": "2018-08-24T07:45:54.070Z", "user": 2, "content_type": 17, "object_id": "133", "object_repr": "User object", "action_flag": 3, "change_message": ""}}, {"model": "admin.logentry", "pk": 164, "fields": {"action_time": "2018-08-24T07:45:54.073Z", "user": 2, "content_type": 17, "object_id": "132", "object_repr": "User object", "action_flag": 3, "change_message": ""}}, {"model": "admin.logentry", "pk": 165, "fields": {"action_time": "2018-08-24T07:45:54.077Z", "user": 2, "content_type": 17, "object_id": "131", "object_repr": "User object", "action_flag": 3, "change_message": ""}}, {"model": "admin.logentry", "pk": 166, "fields": {"action_time": "2018-08-24T07:45:54.080Z", "user": 2, "content_type": 17, "object_id": "130", "object_repr": "User object", "action_flag": 3, "change_message": ""}}, {"model": "admin.logentry", "pk": 167, "fields": {"action_time": "2018-08-24T07:45:54.083Z", "user": 2, "content_type": 17, "object_id": "129", "object_repr": "User object", "action_flag": 3, "change_message": ""}}, {"model": "admin.logentry", "pk": 168, "fields": {"action_time": "2018-08-24T07:45:54.087Z", "user": 2, "content_type": 17, "object_id": "128", "object_repr": "User object", "action_flag": 3, "change_message": ""}}, {"model": "admin.logentry", "pk": 169, "fields": {"action_time": "2018-08-24T07:45:54.090Z", "user": 2, "content_type": 17, "object_id": "127", "object_repr": "User object", "action_flag": 3, "change_message": ""}}, {"model": "admin.logentry", "pk": 170, "fields": {"action_time": "2018-08-24T07:45:54.094Z", "user": 2, "content_type": 17, "object_id": "126", "object_repr": "User object", "action_flag": 3, "change_message": ""}}, {"model": "admin.logentry", "pk": 171, "fields": {"action_time": "2018-08-24T07:45:54.097Z", "user": 2, "content_type": 17, "object_id": "125", "object_repr": "User object", "action_flag": 3, "change_message": ""}}, {"model": "admin.logentry", "pk": 172, "fields": {"action_time": "2018-08-24T07:45:54.100Z", "user": 2, "content_type": 17, "object_id": "124", "object_repr": "User object", "action_flag": 3, "change_message": ""}}, {"model": "admin.logentry", "pk": 173, "fields": {"action_time": "2018-08-24T07:45:54.103Z", "user": 2, "content_type": 17, "object_id": "123", "object_repr": "User object", "action_flag": 3, "change_message": ""}}, {"model": "admin.logentry", "pk": 174, "fields": {"action_time": "2018-08-24T07:45:54.106Z", "user": 2, "content_type": 17, "object_id": "122", "object_repr": "User object", "action_flag": 3, "change_message": ""}}, {"model": "admin.logentry", "pk": 175, "fields": {"action_time": "2018-08-24T07:45:54.110Z", "user": 2, "content_type": 17, "object_id": "121", "object_repr": "User object", "action_flag": 3, "change_message": ""}}, {"model": "admin.logentry", "pk": 176, "fields": {"action_time": "2018-08-24T07:45:54.113Z", "user": 2, "content_type": 17, "object_id": "120", "object_repr": "User object", "action_flag": 3, "change_message": ""}}, {"model": "admin.logentry", "pk": 177, "fields": {"action_time": "2018-08-24T07:45:54.117Z", "user": 2, "content_type": 17, "object_id": "119", "object_repr": "User object", "action_flag": 3, "change_message": ""}}, {"model": "admin.logentry", "pk": 178, "fields": {"action_time": "2018-08-24T07:45:54.121Z", "user": 2, "content_type": 17, "object_id": "118", "object_repr": "User object", "action_flag": 3, "change_message": ""}}, {"model": "admin.logentry", "pk": 179, "fields": {"action_time": "2018-08-24T07:45:54.125Z", "user": 2, "content_type": 17, "object_id": "117", "object_repr": "User object", "action_flag": 3, "change_message": ""}}, {"model": "admin.logentry", "pk": 180, "fields": {"action_time": "2018-08-24T07:45:54.128Z", "user": 2, "content_type": 17, "object_id": "116", "object_repr": "User object", "action_flag": 3, "change_message": ""}}, {"model": "admin.logentry", "pk": 181, "fields": {"action_time": "2018-08-24T07:45:54.131Z", "user": 2, "content_type": 17, "object_id": "115", "object_repr": "User object", "action_flag": 3, "change_message": ""}}, {"model": "admin.logentry", "pk": 182, "fields": {"action_time": "2018-08-24T07:45:54.134Z", "user": 2, "content_type": 17, "object_id": "114", "object_repr": "User object", "action_flag": 3, "change_message": ""}}, {"model": "admin.logentry", "pk": 183, "fields": {"action_time": "2018-08-24T07:45:54.136Z", "user": 2, "content_type": 17, "object_id": "113", "object_repr": "User object", "action_flag": 3, "change_message": ""}}, {"model": "admin.logentry", "pk": 184, "fields": {"action_time": "2018-08-24T07:45:54.139Z", "user": 2, "content_type": 17, "object_id": "112", "object_repr": "User object", "action_flag": 3, "change_message": ""}}, {"model": "admin.logentry", "pk": 185, "fields": {"action_time": "2018-08-24T07:45:54.143Z", "user": 2, "content_type": 17, "object_id": "111", "object_repr": "User object", "action_flag": 3, "change_message": ""}}, {"model": "admin.logentry", "pk": 186, "fields": {"action_time": "2018-08-24T07:45:54.147Z", "user": 2, "content_type": 17, "object_id": "110", "object_repr": "User object", "action_flag": 3, "change_message": ""}}, {"model": "admin.logentry", "pk": 187, "fields": {"action_time": "2018-08-24T07:45:54.150Z", "user": 2, "content_type": 17, "object_id": "109", "object_repr": "User object", "action_flag": 3, "change_message": ""}}, {"model": "admin.logentry", "pk": 188, "fields": {"action_time": "2018-08-24T07:45:54.153Z", "user": 2, "content_type": 17, "object_id": "108", "object_repr": "User object", "action_flag": 3, "change_message": ""}}, {"model": "admin.logentry", "pk": 189, "fields": {"action_time": "2018-08-24T07:45:54.156Z", "user": 2, "content_type": 17, "object_id": "107", "object_repr": "User object", "action_flag": 3, "change_message": ""}}, {"model": "admin.logentry", "pk": 190, "fields": {"action_time": "2018-08-24T07:45:54.159Z", "user": 2, "content_type": 17, "object_id": "106", "object_repr": "User object", "action_flag": 3, "change_message": ""}}, {"model": "admin.logentry", "pk": 191, "fields": {"action_time": "2018-08-24T07:45:54.163Z", "user": 2, "content_type": 17, "object_id": "105", "object_repr": "User object", "action_flag": 3, "change_message": ""}}, {"model": "admin.logentry", "pk": 192, "fields": {"action_time": "2018-08-24T07:45:54.166Z", "user": 2, "content_type": 17, "object_id": "104", "object_repr": "User object", "action_flag": 3, "change_message": ""}}, {"model": "admin.logentry", "pk": 193, "fields": {"action_time": "2018-08-24T07:45:54.169Z", "user": 2, "content_type": 17, "object_id": "103", "object_repr": "User object", "action_flag": 3, "change_message": ""}}, {"model": "admin.logentry", "pk": 194, "fields": {"action_time": "2018-08-24T07:45:54.172Z", "user": 2, "content_type": 17, "object_id": "102", "object_repr": "User object", "action_flag": 3, "change_message": ""}}, {"model": "admin.logentry", "pk": 195, "fields": {"action_time": "2018-08-24T07:45:54.176Z", "user": 2, "content_type": 17, "object_id": "101", "object_repr": "User object", "action_flag": 3, "change_message": ""}}, {"model": "admin.logentry", "pk": 196, "fields": {"action_time": "2018-08-24T07:45:54.180Z", "user": 2, "content_type": 17, "object_id": "100", "object_repr": "User object", "action_flag": 3, "change_message": ""}}, {"model": "admin.logentry", "pk": 197, "fields": {"action_time": "2018-08-24T07:45:54.184Z", "user": 2, "content_type": 17, "object_id": "99", "object_repr": "User object", "action_flag": 3, "change_message": ""}}, {"model": "admin.logentry", "pk": 198, "fields": {"action_time": "2018-08-24T07:45:54.187Z", "user": 2, "content_type": 17, "object_id": "98", "object_repr": "User object", "action_flag": 3, "change_message": ""}}, {"model": "admin.logentry", "pk": 199, "fields": {"action_time": "2018-08-24T07:45:54.191Z", "user": 2, "content_type": 17, "object_id": "97", "object_repr": "User object", "action_flag": 3, "change_message": ""}}, {"model": "admin.logentry", "pk": 200, "fields": {"action_time": "2018-08-24T07:45:54.195Z", "user": 2, "content_type": 17, "object_id": "96", "object_repr": "User object", "action_flag": 3, "change_message": ""}}, {"model": "admin.logentry", "pk": 201, "fields": {"action_time": "2018-08-24T07:45:54.198Z", "user": 2, "content_type": 17, "object_id": "95", "object_repr": "User object", "action_flag": 3, "change_message": ""}}, {"model": "admin.logentry", "pk": 202, "fields": {"action_time": "2018-08-24T07:45:54.201Z", "user": 2, "content_type": 17, "object_id": "94", "object_repr": "User object", "action_flag": 3, "change_message": ""}}, {"model": "admin.logentry", "pk": 203, "fields": {"action_time": "2018-08-24T07:45:54.204Z", "user": 2, "content_type": 17, "object_id": "93", "object_repr": "User object", "action_flag": 3, "change_message": ""}}, {"model": "admin.logentry", "pk": 204, "fields": {"action_time": "2018-08-24T07:45:54.207Z", "user": 2, "content_type": 17, "object_id": "92", "object_repr": "User object", "action_flag": 3, "change_message": ""}}, {"model": "admin.logentry", "pk": 205, "fields": {"action_time": "2018-08-24T07:45:54.211Z", "user": 2, "content_type": 17, "object_id": "91", "object_repr": "User object", "action_flag": 3, "change_message": ""}}, {"model": "admin.logentry", "pk": 206, "fields": {"action_time": "2018-08-24T07:45:54.215Z", "user": 2, "content_type": 17, "object_id": "90", "object_repr": "User object", "action_flag": 3, "change_message": ""}}, {"model": "admin.logentry", "pk": 207, "fields": {"action_time": "2018-08-24T07:45:54.219Z", "user": 2, "content_type": 17, "object_id": "89", "object_repr": "User object", "action_flag": 3, "change_message": ""}}, {"model": "admin.logentry", "pk": 208, "fields": {"action_time": "2018-08-24T07:45:54.222Z", "user": 2, "content_type": 17, "object_id": "88", "object_repr": "User object", "action_flag": 3, "change_message": ""}}, {"model": "admin.logentry", "pk": 209, "fields": {"action_time": "2018-08-24T07:45:54.227Z", "user": 2, "content_type": 17, "object_id": "87", "object_repr": "User object", "action_flag": 3, "change_message": ""}}, {"model": "admin.logentry", "pk": 210, "fields": {"action_time": "2018-08-24T07:45:54.231Z", "user": 2, "content_type": 17, "object_id": "86", "object_repr": "User object", "action_flag": 3, "change_message": ""}}, {"model": "admin.logentry", "pk": 211, "fields": {"action_time": "2018-08-24T07:45:54.234Z", "user": 2, "content_type": 17, "object_id": "85", "object_repr": "User object", "action_flag": 3, "change_message": ""}}, {"model": "admin.logentry", "pk": 212, "fields": {"action_time": "2018-08-24T07:45:54.237Z", "user": 2, "content_type": 17, "object_id": "84", "object_repr": "User object", "action_flag": 3, "change_message": ""}}, {"model": "admin.logentry", "pk": 213, "fields": {"action_time": "2018-08-24T07:45:54.240Z", "user": 2, "content_type": 17, "object_id": "83", "object_repr": "User object", "action_flag": 3, "change_message": ""}}, {"model": "admin.logentry", "pk": 214, "fields": {"action_time": "2018-08-24T07:45:54.244Z", "user": 2, "content_type": 17, "object_id": "82", "object_repr": "User object", "action_flag": 3, "change_message": ""}}, {"model": "admin.logentry", "pk": 215, "fields": {"action_time": "2018-08-24T07:45:54.248Z", "user": 2, "content_type": 17, "object_id": "81", "object_repr": "User object", "action_flag": 3, "change_message": ""}}, {"model": "admin.logentry", "pk": 216, "fields": {"action_time": "2018-08-24T07:45:54.251Z", "user": 2, "content_type": 17, "object_id": "80", "object_repr": "User object", "action_flag": 3, "change_message": ""}}, {"model": "admin.logentry", "pk": 217, "fields": {"action_time": "2018-08-24T07:45:54.253Z", "user": 2, "content_type": 17, "object_id": "79", "object_repr": "User object", "action_flag": 3, "change_message": ""}}, {"model": "admin.logentry", "pk": 218, "fields": {"action_time": "2018-08-24T07:45:54.255Z", "user": 2, "content_type": 17, "object_id": "78", "object_repr": "User object", "action_flag": 3, "change_message": ""}}, {"model": "admin.logentry", "pk": 219, "fields": {"action_time": "2018-08-24T07:45:54.260Z", "user": 2, "content_type": 17, "object_id": "77", "object_repr": "User object", "action_flag": 3, "change_message": ""}}, {"model": "admin.logentry", "pk": 220, "fields": {"action_time": "2018-08-24T07:45:54.263Z", "user": 2, "content_type": 17, "object_id": "76", "object_repr": "User object", "action_flag": 3, "change_message": ""}}, {"model": "admin.logentry", "pk": 221, "fields": {"action_time": "2018-08-24T07:45:54.267Z", "user": 2, "content_type": 17, "object_id": "75", "object_repr": "User object", "action_flag": 3, "change_message": ""}}, {"model": "admin.logentry", "pk": 222, "fields": {"action_time": "2018-08-24T07:45:54.270Z", "user": 2, "content_type": 17, "object_id": "74", "object_repr": "User object", "action_flag": 3, "change_message": ""}}, {"model": "admin.logentry", "pk": 223, "fields": {"action_time": "2018-08-24T07:45:54.274Z", "user": 2, "content_type": 17, "object_id": "73", "object_repr": "User object", "action_flag": 3, "change_message": ""}}, {"model": "admin.logentry", "pk": 224, "fields": {"action_time": "2018-08-24T07:45:54.277Z", "user": 2, "content_type": 17, "object_id": "72", "object_repr": "User object", "action_flag": 3, "change_message": ""}}, {"model": "admin.logentry", "pk": 225, "fields": {"action_time": "2018-08-24T07:45:54.281Z", "user": 2, "content_type": 17, "object_id": "71", "object_repr": "User object", "action_flag": 3, "change_message": ""}}, {"model": "admin.logentry", "pk": 226, "fields": {"action_time": "2018-08-24T07:45:54.284Z", "user": 2, "content_type": 17, "object_id": "70", "object_repr": "User object", "action_flag": 3, "change_message": ""}}, {"model": "admin.logentry", "pk": 227, "fields": {"action_time": "2018-08-24T07:45:54.287Z", "user": 2, "content_type": 17, "object_id": "69", "object_repr": "User object", "action_flag": 3, "change_message": ""}}, {"model": "admin.logentry", "pk": 228, "fields": {"action_time": "2018-08-24T07:45:54.291Z", "user": 2, "content_type": 17, "object_id": "68", "object_repr": "User object", "action_flag": 3, "change_message": ""}}, {"model": "admin.logentry", "pk": 229, "fields": {"action_time": "2018-08-24T07:45:54.294Z", "user": 2, "content_type": 17, "object_id": "67", "object_repr": "User object", "action_flag": 3, "change_message": ""}}, {"model": "admin.logentry", "pk": 230, "fields": {"action_time": "2018-08-24T07:45:54.298Z", "user": 2, "content_type": 17, "object_id": "66", "object_repr": "User object", "action_flag": 3, "change_message": ""}}, {"model": "admin.logentry", "pk": 231, "fields": {"action_time": "2018-08-24T07:45:54.300Z", "user": 2, "content_type": 17, "object_id": "65", "object_repr": "User object", "action_flag": 3, "change_message": ""}}, {"model": "admin.logentry", "pk": 232, "fields": {"action_time": "2018-08-24T07:45:54.303Z", "user": 2, "content_type": 17, "object_id": "64", "object_repr": "User object", "action_flag": 3, "change_message": ""}}, {"model": "admin.logentry", "pk": 233, "fields": {"action_time": "2018-08-24T07:45:54.306Z", "user": 2, "content_type": 17, "object_id": "63", "object_repr": "User object", "action_flag": 3, "change_message": ""}}, {"model": "admin.logentry", "pk": 234, "fields": {"action_time": "2018-08-24T07:45:54.309Z", "user": 2, "content_type": 17, "object_id": "62", "object_repr": "User object", "action_flag": 3, "change_message": ""}}, {"model": "admin.logentry", "pk": 235, "fields": {"action_time": "2018-08-24T07:45:54.313Z", "user": 2, "content_type": 17, "object_id": "61", "object_repr": "User object", "action_flag": 3, "change_message": ""}}, {"model": "admin.logentry", "pk": 236, "fields": {"action_time": "2018-08-24T07:45:54.317Z", "user": 2, "content_type": 17, "object_id": "60", "object_repr": "User object", "action_flag": 3, "change_message": ""}}, {"model": "admin.logentry", "pk": 237, "fields": {"action_time": "2018-08-24T07:45:54.321Z", "user": 2, "content_type": 17, "object_id": "59", "object_repr": "User object", "action_flag": 3, "change_message": ""}}, {"model": "admin.logentry", "pk": 238, "fields": {"action_time": "2018-08-24T07:45:54.325Z", "user": 2, "content_type": 17, "object_id": "58", "object_repr": "User object", "action_flag": 3, "change_message": ""}}, {"model": "admin.logentry", "pk": 239, "fields": {"action_time": "2018-08-24T07:45:54.330Z", "user": 2, "content_type": 17, "object_id": "57", "object_repr": "User object", "action_flag": 3, "change_message": ""}}, {"model": "admin.logentry", "pk": 240, "fields": {"action_time": "2018-08-24T07:45:54.334Z", "user": 2, "content_type": 17, "object_id": "56", "object_repr": "User object", "action_flag": 3, "change_message": ""}}, {"model": "admin.logentry", "pk": 241, "fields": {"action_time": "2018-08-24T07:45:54.338Z", "user": 2, "content_type": 17, "object_id": "55", "object_repr": "User object", "action_flag": 3, "change_message": ""}}, {"model": "admin.logentry", "pk": 242, "fields": {"action_time": "2018-08-24T07:45:54.343Z", "user": 2, "content_type": 17, "object_id": "54", "object_repr": "User object", "action_flag": 3, "change_message": ""}}, {"model": "admin.logentry", "pk": 243, "fields": {"action_time": "2018-08-24T07:45:54.347Z", "user": 2, "content_type": 17, "object_id": "53", "object_repr": "User object", "action_flag": 3, "change_message": ""}}, {"model": "admin.logentry", "pk": 244, "fields": {"action_time": "2018-08-24T07:45:54.350Z", "user": 2, "content_type": 17, "object_id": "52", "object_repr": "User object", "action_flag": 3, "change_message": ""}}, {"model": "admin.logentry", "pk": 245, "fields": {"action_time": "2018-08-24T07:45:54.355Z", "user": 2, "content_type": 17, "object_id": "51", "object_repr": "User object", "action_flag": 3, "change_message": ""}}, {"model": "admin.logentry", "pk": 246, "fields": {"action_time": "2018-08-24T07:45:54.360Z", "user": 2, "content_type": 17, "object_id": "50", "object_repr": "User object", "action_flag": 3, "change_message": ""}}, {"model": "admin.logentry", "pk": 247, "fields": {"action_time": "2018-08-24T11:53:32.761Z", "user": 2, "content_type": 15, "object_id": "1", "object_repr": "Admindata object", "action_flag": 1, "change_message": "[{\"added\": {}}]"}}, {"model": "admin.logentry", "pk": 248, "fields": {"action_time": "2018-08-24T12:04:02.427Z", "user": 2, "content_type": 15, "object_id": "1", "object_repr": "Admindata object", "action_flag": 2, "change_message": "[{\"changed\": {\"fields\": [\"employer_averages\", \"uni_averages\"]}}]"}}, {"model": "admin.logentry", "pk": 249, "fields": {"action_time": "2018-08-24T12:04:17.549Z", "user": 2, "content_type": 16, "object_id": "35", "object_repr": "Session object", "action_flag": 3, "change_message": ""}}, {"model": "admin.logentry", "pk": 250, "fields": {"action_time": "2018-08-24T12:04:17.552Z", "user": 2, "content_type": 16, "object_id": "34", "object_repr": "Session object", "action_flag": 3, "change_message": ""}}, {"model": "admin.logentry", "pk": 251, "fields": {"action_time": "2018-08-24T12:04:17.556Z", "user": 2, "content_type": 16, "object_id": "33", "object_repr": "Session object", "action_flag": 3, "change_message": ""}}, {"model": "admin.logentry", "pk": 252, "fields": {"action_time": "2018-08-24T12:04:17.559Z", "user": 2, "content_type": 16, "object_id": "32", "object_repr": "Session object", "action_flag": 3, "change_message": ""}}, {"model": "admin.logentry", "pk": 253, "fields": {"action_time": "2018-08-24T12:04:17.562Z", "user": 2, "content_type": 16, "object_id": "31", "object_repr": "Session object", "action_flag": 3, "change_message": ""}}, {"model": "admin.logentry", "pk": 254, "fields": {"action_time": "2018-08-24T12:04:17.566Z", "user": 2, "content_type": 16, "object_id": "30", "object_repr": "Session object", "action_flag": 3, "change_message": ""}}, {"model": "admin.logentry", "pk": 255, "fields": {"action_time": "2018-08-24T12:04:17.569Z", "user": 2, "content_type": 16, "object_id": "29", "object_repr": "Session object", "action_flag": 3, "change_message": ""}}, {"model": "admin.logentry", "pk": 256, "fields": {"action_time": "2018-08-24T12:04:17.572Z", "user": 2, "content_type": 16, "object_id": "28", "object_repr": "Session object", "action_flag": 3, "change_message": ""}}, {"model": "admin.logentry", "pk": 257, "fields": {"action_time": "2018-08-24T12:04:17.575Z", "user": 2, "content_type": 16, "object_id": "27", "object_repr": "Session object", "action_flag": 3, "change_message": ""}}, {"model": "admin.logentry", "pk": 258, "fields": {"action_time": "2018-08-24T12:04:17.578Z", "user": 2, "content_type": 16, "object_id": "26", "object_repr": "Session object", "action_flag": 3, "change_message": ""}}, {"model": "admin.logentry", "pk": 259, "fields": {"action_time": "2018-08-24T12:04:17.581Z", "user": 2, "content_type": 16, "object_id": "25", "object_repr": "Session object", "action_flag": 3, "change_message": ""}}, {"model": "admin.logentry", "pk": 260, "fields": {"action_time": "2018-08-24T12:04:17.584Z", "user": 2, "content_type": 16, "object_id": "24", "object_repr": "Session object", "action_flag": 3, "change_message": ""}}, {"model": "admin.logentry", "pk": 261, "fields": {"action_time": "2018-08-24T12:04:17.587Z", "user": 2, "content_type": 16, "object_id": "23", "object_repr": "Session object", "action_flag": 3, "change_message": ""}}, {"model": "admin.logentry", "pk": 262, "fields": {"action_time": "2018-08-24T12:04:17.589Z", "user": 2, "content_type": 16, "object_id": "22", "object_repr": "Session object", "action_flag": 3, "change_message": ""}}, {"model": "admin.logentry", "pk": 263, "fields": {"action_time": "2018-08-24T12:04:17.592Z", "user": 2, "content_type": 16, "object_id": "21", "object_repr": "Session object", "action_flag": 3, "change_message": ""}}, {"model": "admin.logentry", "pk": 264, "fields": {"action_time": "2018-08-24T12:04:17.595Z", "user": 2, "content_type": 16, "object_id": "20", "object_repr": "Session object", "action_flag": 3, "change_message": ""}}, {"model": "admin.logentry", "pk": 265, "fields": {"action_time": "2018-08-24T14:52:38.108Z", "user": 2, "content_type": 15, "object_id": "1", "object_repr": "Admindata object", "action_flag": 2, "change_message": "[{\"changed\": {\"fields\": [\"employer_averages\", \"uni_averages\"]}}]"}}, {"model": "admin.logentry", "pk": 266, "fields": {"action_time": "2018-08-26T10:18:12.667Z", "user": 2, "content_type": 17, "object_id": "162", "object_repr": "User object", "action_flag": 1, "change_message": "[{\"added\": {}}]"}}, {"model": "admin.logentry", "pk": 267, "fields": {"action_time": "2018-08-26T10:20:47.267Z", "user": 2, "content_type": 25, "object_id": "42", "object_repr": "d83fc91ebd334aa1b9a21fff21852c48", "action_flag": 1, "change_message": "[{\"added\": {}}]"}}, {"model": "admin.logentry", "pk": 268, "fields": {"action_time": "2018-08-26T10:22:14.229Z", "user": 2, "content_type": 25, "object_id": "32", "object_repr": "693c24dc48c64ffbaad750ec2b658da1", "action_flag": 3, "change_message": ""}}, {"model": "admin.logentry", "pk": 269, "fields": {"action_time": "2018-08-26T10:22:14.244Z", "user": 2, "content_type": 25, "object_id": "31", "object_repr": "693c24dc48c64ffbaad750ec2b658da1", "action_flag": 3, "change_message": ""}}, {"model": "admin.logentry", "pk": 270, "fields": {"action_time": "2018-08-26T10:22:14.247Z", "user": 2, "content_type": 25, "object_id": "30", "object_repr": "693c24dc48c64ffbaad750ec2b658da1", "action_flag": 3, "change_message": ""}}, {"model": "admin.logentry", "pk": 271, "fields": {"action_time": "2018-08-26T10:22:14.252Z", "user": 2, "content_type": 25, "object_id": "29", "object_repr": "d83fc91ebd334aa1b9a21fff21852c48", "action_flag": 3, "change_message": ""}}, {"model": "admin.logentry", "pk": 272, "fields": {"action_time": "2018-08-26T10:22:14.256Z", "user": 2, "content_type": 25, "object_id": "28", "object_repr": "d83fc91ebd334aa1b9a21fff21852c48", "action_flag": 3, "change_message": ""}}, {"model": "admin.logentry", "pk": 273, "fields": {"action_time": "2018-08-26T10:22:14.259Z", "user": 2, "content_type": 25, "object_id": "27", "object_repr": "d83fc91ebd334aa1b9a21fff21852c48", "action_flag": 3, "change_message": ""}}, {"model": "admin.logentry", "pk": 274, "fields": {"action_time": "2018-08-26T10:22:14.261Z", "user": 2, "content_type": 25, "object_id": "26", "object_repr": "d83fc91ebd334aa1b9a21fff21852c48", "action_flag": 3, "change_message": ""}}, {"model": "admin.logentry", "pk": 275, "fields": {"action_time": "2018-08-26T10:22:14.263Z", "user": 2, "content_type": 25, "object_id": "25", "object_repr": "d83fc91ebd334aa1b9a21fff21852c48", "action_flag": 3, "change_message": ""}}, {"model": "admin.logentry", "pk": 276, "fields": {"action_time": "2018-08-26T10:22:14.266Z", "user": 2, "content_type": 25, "object_id": "24", "object_repr": "d83fc91ebd334aa1b9a21fff21852c48", "action_flag": 3, "change_message": ""}}, {"model": "admin.logentry", "pk": 277, "fields": {"action_time": "2018-08-26T10:22:14.270Z", "user": 2, "content_type": 25, "object_id": "23", "object_repr": "d83fc91ebd334aa1b9a21fff21852c48", "action_flag": 3, "change_message": ""}}, {"model": "admin.logentry", "pk": 278, "fields": {"action_time": "2018-08-26T10:22:14.274Z", "user": 2, "content_type": 25, "object_id": "22", "object_repr": "d83fc91ebd334aa1b9a21fff21852c48", "action_flag": 3, "change_message": ""}}, {"model": "admin.logentry", "pk": 279, "fields": {"action_time": "2018-08-26T10:22:14.276Z", "user": 2, "content_type": 25, "object_id": "21", "object_repr": "d83fc91ebd334aa1b9a21fff21852c48", "action_flag": 3, "change_message": ""}}, {"model": "admin.logentry", "pk": 280, "fields": {"action_time": "2018-08-26T10:22:14.278Z", "user": 2, "content_type": 25, "object_id": "20", "object_repr": "d83fc91ebd334aa1b9a21fff21852c48", "action_flag": 3, "change_message": ""}}, {"model": "admin.logentry", "pk": 281, "fields": {"action_time": "2018-08-26T10:22:14.281Z", "user": 2, "content_type": 25, "object_id": "19", "object_repr": "d83fc91ebd334aa1b9a21fff21852c48", "action_flag": 3, "change_message": ""}}, {"model": "admin.logentry", "pk": 282, "fields": {"action_time": "2018-08-26T10:22:14.283Z", "user": 2, "content_type": 25, "object_id": "18", "object_repr": "d83fc91ebd334aa1b9a21fff21852c48", "action_flag": 3, "change_message": ""}}, {"model": "admin.logentry", "pk": 283, "fields": {"action_time": "2018-08-26T10:22:14.286Z", "user": 2, "content_type": 25, "object_id": "17", "object_repr": "d83fc91ebd334aa1b9a21fff21852c48", "action_flag": 3, "change_message": ""}}, {"model": "admin.logentry", "pk": 284, "fields": {"action_time": "2018-08-26T10:22:14.288Z", "user": 2, "content_type": 25, "object_id": "16", "object_repr": "d83fc91ebd334aa1b9a21fff21852c48", "action_flag": 3, "change_message": ""}}, {"model": "admin.logentry", "pk": 285, "fields": {"action_time": "2018-08-26T10:22:14.291Z", "user": 2, "content_type": 25, "object_id": "15", "object_repr": "d83fc91ebd334aa1b9a21fff21852c48", "action_flag": 3, "change_message": ""}}, {"model": "admin.logentry", "pk": 286, "fields": {"action_time": "2018-08-26T10:22:14.293Z", "user": 2, "content_type": 25, "object_id": "14", "object_repr": "d83fc91ebd334aa1b9a21fff21852c48", "action_flag": 3, "change_message": ""}}, {"model": "admin.logentry", "pk": 287, "fields": {"action_time": "2018-08-26T10:22:14.295Z", "user": 2, "content_type": 25, "object_id": "13", "object_repr": "d83fc91ebd334aa1b9a21fff21852c48", "action_flag": 3, "change_message": ""}}, {"model": "admin.logentry", "pk": 288, "fields": {"action_time": "2018-08-26T10:22:14.297Z", "user": 2, "content_type": 25, "object_id": "12", "object_repr": "d83fc91ebd334aa1b9a21fff21852c48", "action_flag": 3, "change_message": ""}}, {"model": "admin.logentry", "pk": 289, "fields": {"action_time": "2018-08-26T10:22:14.300Z", "user": 2, "content_type": 25, "object_id": "11", "object_repr": "283238273827", "action_flag": 3, "change_message": ""}}, {"model": "admin.logentry", "pk": 290, "fields": {"action_time": "2018-08-26T10:22:14.303Z", "user": 2, "content_type": 25, "object_id": "10", "object_repr": "1.0297125825259255e+38", "action_flag": 3, "change_message": ""}}, {"model": "admin.logentry", "pk": 291, "fields": {"action_time": "2018-08-26T10:22:14.305Z", "user": 2, "content_type": 25, "object_id": "9", "object_repr": "1.0297125825259255e+38", "action_flag": 3, "change_message": ""}}, {"model": "admin.logentry", "pk": 292, "fields": {"action_time": "2018-08-26T10:22:14.307Z", "user": 2, "content_type": 25, "object_id": "8", "object_repr": "1.0297125825259255e+38", "action_flag": 3, "change_message": ""}}, {"model": "admin.logentry", "pk": 293, "fields": {"action_time": "2018-08-26T10:22:14.310Z", "user": 2, "content_type": 25, "object_id": "7", "object_repr": "1.0297125825259255e+38", "action_flag": 3, "change_message": ""}}, {"model": "admin.logentry", "pk": 294, "fields": {"action_time": "2018-08-26T10:22:14.312Z", "user": 2, "content_type": 25, "object_id": "6", "object_repr": "1.0297125825259255e+38", "action_flag": 3, "change_message": ""}}, {"model": "admin.logentry", "pk": 295, "fields": {"action_time": "2018-08-26T10:23:04.435Z", "user": 2, "content_type": 25, "object_id": "42", "object_repr": "d83fc91ebd334aa1b9a21fff21852c48", "action_flag": 2, "change_message": "[{\"changed\": {\"fields\": [\"questionId\"]}}]"}}, {"model": "admin.logentry", "pk": 296, "fields": {"action_time": "2018-08-26T15:28:13.364Z", "user": 2, "content_type": 15, "object_id": "1", "object_repr": "Admindata object", "action_flag": 2, "change_message": "[{\"changed\": {\"fields\": [\"employer_averages\"]}}]"}}, {"model": "admin.logentry", "pk": 297, "fields": {"action_time": "2018-08-26T20:54:56.846Z", "user": 2, "content_type": 18, "object_id": "40", "object_repr": "Competenze trasversali e soft skills richieste", "action_flag": 2, "change_message": "[{\"changed\": {\"fields\": [\"question_text\"]}}]"}}, {"model": "admin.logentry", "pk": 298, "fields": {"action_time": "2018-08-26T21:02:14.606Z", "user": 2, "content_type": 18, "object_id": "38", "object_repr": "Descrizione delle attivit\u00e0 o mansioni della posizione di stage/lavoro", "action_flag": 2, "change_message": "[{\"changed\": {\"fields\": [\"question_text\"]}}]"}}, {"model": "admin.logentry", "pk": 299, "fields": {"action_time": "2018-08-26T21:13:40.117Z", "user": 2, "content_type": 18, "object_id": "40", "object_repr": "Soft skills e competenze trasversali richieste", "action_flag": 2, "change_message": "[{\"changed\": {\"fields\": [\"question_text\"]}}]"}}, {"model": "admin.logentry", "pk": 300, "fields": {"action_time": "2018-08-26T22:43:33.246Z", "user": 2, "content_type": 15, "object_id": "1", "object_repr": "Admindata object", "action_flag": 2, "change_message": "[{\"changed\": {\"fields\": [\"employer_averages\"]}}]"}}]